ticker,week_start,n_posts_week,n_comments_week,mentions_week,sentiment_mean_w,sentiment_score_weighted_w,median_compound_week,days_covered,weekly_close,weekly_volume,weekly_return,next_week_return,abnormal_volume,z_return
AAPL,2025-05-13,0.0,2.0,2.0,-0.1391499999999999,-0.1391499999999999,-0.1391499999999999,2.0,208.3413543701172,145907900.0,,-0.06470925179467579,,
AAPL,2025-05-20,0.0,15.0,15.0,0.0185599999999999,0.0058903343403827,0.0,3.0,194.8597412109375,226883700.0,-0.06470925179467579,0.032928754844824715,0.5549788599520658,
AAPL,2025-05-27,1.0,7.0,8.0,0.1762625,0.5262087897042718,0.48,3.0,201.27622985839844,259268200.0,0.032928754844824715,-0.001239496593052225,0.3909551610068467,
AAPL,2025-06-03,0.0,1.0,1.0,0.9753,0.9753,0.9753,1.0,201.02674865722656,264582000.0,-0.001239496593052225,-0.015040886974819312,0.2558083902820587,
AAPL,2025-06-24,0.0,1.0,1.0,0.8074,0.8074,0.8074,1.0,204.7389373779297,309490200.0,0.018213415498037122,0.023297759367036486,0.33828237225232627,0.809689946269224
AAPL,2025-07-01,0.0,2.0,2.0,0.1675,0.1675,0.1675,2.0,209.50889587402344,231915500.0,0.023297759367036486,-0.006334859754376754,-0.04339146297642649,-0.24799026028465423
AAPL,2025-07-08,2.0,2.0,4.0,0.36315,0.9642801376549835,0.4993,2.0,208.1816864013672,214647800.0,-0.006334859754376754,0.018502579453281154,-0.10978908700760348,0.6301204072298192
AAPL,2025-07-15,0.0,1.0,1.0,0.4854,0.4854,0.4854,1.0,212.03358459472656,238206900.0,0.018502579453281154,0.007388977688491227,-0.04607595970808853,0.18139918452286907
AAPL,2025-07-22,0.0,2.0,2.0,0.97215,0.97215,0.97215,2.0,213.6002960205078,217542800.0,0.007388977688491227,-0.0499883237564801,-0.13373754942946436,-2.0014346469283013
AAPL,2025-07-29,0.0,2.0,2.0,-0.0515,-0.0515,-0.0515,2.0,202.9227752685547,357166400.0,-0.0499883237564801,0.11845491909876915,0.45241328339006937,4.095238116680637
AAPL,2025-08-05,0.0,5.0,5.0,-0.02304,0.0709196953077391,0.16645,3.0,226.95997619628903,418523100.0,0.11845491909876915,0.01633072474078867,0.625424429363332,0.189222662124557
AAPL,2025-08-12,0.0,2.0,2.0,0.59115,0.59115,0.59115,2.0,230.66639709472656,270935900.0,0.01633072474078867,-0.016154908995218764,-0.025573157432252525,-0.5931171485318801
AAPL,2025-08-19,0.0,1.0,1.0,0.0,0.0,0.0,1.0,226.94000244140625,185748600.0,-0.016154908995218764,0.02192286021271128,-0.34202533566923476,0.36618180694570557
AAPL,2025-09-02,0.0,2.0,2.0,0.0566,0.0566,0.0566,2.0,237.64962768554688,261922700.0,0.02472650295322798,-0.004960510718537647,0.014172794800946686,-0.3608538392619111
AAPL,2025-09-09,1.0,12.0,13.0,0.3432923076923076,-0.0405053047362398,-0.1752249999999999,2.0,236.47076416015625,298487000.0,-0.004960510718537647,0.08187575061229824,0.12989744693095284,1.9579272369112724
AAPL,2025-09-16,0.0,1.0,1.0,0.0,0.0,0.0,1.0,255.8319854736328,423437400.0,0.08187575061229824,-0.00644325892472386,0.5584351917614125,-0.4642606702385296
AAPL,2025-09-23,0.0,1.0,1.0,0.9546,0.9546,0.9546,1.0,254.18359375,243985000.0,-0.00644325892472386,0.008882605154369783,-0.1797268456944443,-0.0607502078686847
AAPL,2025-10-07,0.0,2.0,2.0,-0.2517,-0.2517,-0.2517,2.0,247.4201507568359,206916700.0,-0.03517862277033934,0.05887100200944495,-0.20059705056095667,1.2867502016410162
AAPL,2025-10-14,0.0,2.0,2.0,0.5836,0.5836,0.5836,2.0,261.98602294921875,248778600.0,0.05887100200944495,0.025053356192451748,-0.008204742010388011,0.35193512345239675
AAPL,2025-10-21,0.0,3.0,3.0,-0.2404666666666667,-0.2404666666666667,-0.3607,2.0,268.5496520996094,207608000.0,0.025053356192451748,0.0008928576501718855,-0.1975429371425126,-0.28357955138693647
AAPL,2025-10-28,0.0,8.0,8.0,-0.1227374999999999,0.0065875,0.06975,5.0,268.7894287109375,298869700.0,0.0008928576501718855,0.0023831441880575177,0.13100929113882742,-0.23771303210009345
AAPL,2025-11-04,0.0,5.0,5.0,0.3997799999999999,0.2755954509803922,0.4637,3.0,269.42999267578125,233701700.0,0.0023831441880575177,0.01106042781923744,-0.1307965478517521,0.001416735675737325
AMZN,2025-05-13,1.0,3.0,4.0,-0.2182,-0.4960860308677927,-0.37865,3.0,206.16000366210935,141980600.0,,-0.02507760029641226,,
AMZN,2025-05-20,0.0,6.0,6.0,0.2983166666666666,-0.3394907804554499,0.69365,2.0,200.9900054931641,144263700.0,-0.02507760029641226,0.02816054653778699,0.0160803659091453,
AMZN,2025-05-27,0.0,4.0,4.0,-0.2015999999999999,-0.2283785714285714,-0.1969999999999999,3.0,206.6499938964844,178884500.0,0.02816054653778699,0.04998791258725688,0.24987292323375532,
AMZN,2025-06-03,0.0,1.0,1.0,0.9358,0.9358,0.9358,1.0,216.97999572753903,192853900.0,0.04998791258725688,-0.004055625593837875,0.24387416990734612,
AMZN,2025-06-10,1.0,8.0,9.0,0.5532222222222223,0.8415518225019099,0.283775,2.0,216.1000061035156,160891300.0,-0.004055625593837875,-0.035307749501670815,-0.02191167032203123,
AMZN,2025-06-17,0.0,1.0,1.0,-0.998,-0.998,-0.998,1.0,208.47000122070312,189109200.0,-0.035307749501670815,0.05238162855568129,0.15469046519977425,1.5473002467659907
AMZN,2025-06-24,0.0,2.0,2.0,0.5287,0.5287,0.5287,2.0,219.38999938964844,298720200.0,0.05238162855568129,0.018597027405102384,0.7781260640058287,0.21888383416993568
AMZN,2025-07-01,0.0,1.0,1.0,0.0,0.0,0.0,1.0,223.47000122070312,136387500.0,0.018597027405102384,0.00993422476652972,-0.26937321813044957,-0.06724008444095186
AMZN,2025-07-08,0.0,1.0,1.0,-0.5106,-0.5106,-0.5106,1.0,225.69000244140625,200438600.0,0.00993422476652972,0.015995394440605715,0.11116271331209981,0.13841952347358505
AMZN,2025-07-22,0.0,2.0,2.0,0.74685,0.74685,0.74685,2.0,232.7899932861328,163693100.0,0.01522019270792252,-0.09081146097059367,-0.15059249578845801,-3.83307873396122
AMZN,2025-07-29,0.0,4.0,4.0,0.034475,0.212051923076923,-0.103,3.0,211.6499938964844,371215700.0,-0.09081146097059367,0.04559418584246755,0.9454166530736952,1.078964735979898
AMZN,2025-08-05,0.0,2.0,2.0,0.4456,0.4456,0.4456,2.0,221.3000030517578,211548300.0,0.04559418584246755,0.04604610167593637,-0.007331633903967738,0.9977604832434795
AMZN,2025-08-12,0.0,3.0,3.0,0.0619999999999999,0.0233666666666666,0.0909749999999999,2.0,231.4900054931641,200138000.0,0.04604610167593637,-0.015335448475172653,-0.08797221144682865,-0.6382521067730501
AMZN,2025-08-19,0.0,1.0,1.0,0.2484,0.2484,0.2484,1.0,227.94000244140625,158584800.0,-0.015335448475172653,0.004650335821884566,-0.2818415871916443,-0.08595939593907721
AMZN,2025-09-02,0.0,1.0,1.0,0.9952,0.9952,0.9952,1.0,235.83999633789065,198127700.0,0.02986897964144397,-0.018699133864432116,-0.007679268279550899,-0.765484512147809
AMZN,2025-09-16,0.0,3.0,3.0,0.1186,0.1186,0.1779,3.0,227.6300048828125,262808500.0,-0.016419599504081117,-0.023986322526672543,0.30773846499583346,-0.8544746227146947
AMZN,2025-09-23,0.0,1.0,1.0,-0.1531,-0.1531,-0.1531,1.0,222.1699981689453,258600800.0,-0.023986322526672543,-0.005716362618390813,0.21207645783703022,-0.29390511755462073
AMZN,2025-10-14,0.0,6.0,6.0,0.2219666666666666,0.2007038095238095,0.294675,2.0,216.47999572753903,218859400.0,-0.01631304347343765,0.04845715862987543,0.06896532776593278,1.3892273788001785
AMZN,2025-10-21,2.0,17.0,19.0,0.1534631578947368,0.2762663882433356,0.0,4.0,226.97000122070312,203295200.0,0.04845715862987543,0.11909062269869408,-0.042297259482800054,3.414410324877991
AMZN,2025-10-28,1.0,9.0,10.0,-0.0841999999999999,-0.1470709615384616,0.1395,5.0,254.0,463727700.0,0.11909062269869408,-0.0220472681240772,1.0676204595922667,-0.7900617166651638
AMZN,2025-11-04,1.0,9.0,10.0,0.44599,0.4468270951696033,0.26955,4.0,248.3999938964844,221012000.0,-0.0220472681240772,-0.05519320367129921,-0.14163717701543743,-1.6008882627430079
GME,2025-05-20,0.0,3.0,3.0,0.0342333333333333,0.0342333333333333,0.05135,2.0,33.029998779296875,65485700.0,0.18429542854547987,-0.07235844619971588,2.2592435908283273,
GME,2025-05-27,1.0,9.0,10.0,-0.10083,-0.4589765147453083,-0.36865,4.0,30.63999938964844,111995700.0,-0.07235844619971588,-0.009791098010331623,1.6173946575054337,
GME,2025-06-24,0.0,1.0,1.0,0.0,0.0,0.0,1.0,24.38999938964844,52356400.0,0.06879928640754152,-0.07257066808973611,-0.4701194708387113,-0.46365650909853784
GME,2025-07-01,0.0,1.0,1.0,0.0,0.0,0.0,1.0,22.6200008392334,33176400.0,-0.07257066808973611,0.04774535294591331,-0.640059888035412,0.584401119684246
GME,2025-07-22,1.0,15.0,16.0,0.1304437499999999,0.6906006134969325,0.0,3.0,22.979999542236328,45222000.0,-0.0504132719934236,-0.015230652238545028,-0.47357821767194963,-0.0157712270163697
GME,2025-07-29,0.0,1.0,1.0,0.1655,0.1655,0.1655,1.0,22.6299991607666,40723100.0,-0.015230652238545028,-0.009721578502570272,-0.47493215945594114,0.04089638212027043
GME,2025-08-12,0.0,1.0,1.0,0.0,0.0,0.0,1.0,23.11000061035156,25056200.0,0.031236089589723237,-0.018606676495853014,-0.4460334033266251,-0.09440698082995466
GME,2025-08-19,0.0,1.0,1.0,0.0,0.0,0.0,1.0,22.68000030517578,23364500.0,-0.018606676495853014,-0.011904781928157915,-0.4071353353886753,-0.014862630370969496
GME,2025-09-02,0.0,1.0,1.0,0.8073,0.8073,0.8073,1.0,23.219999313354492,46204700.0,0.03614455472813938,0.09948326621880943,0.3214505448462772,1.289307521190708
GME,2025-09-09,0.0,1.0,1.0,0.5213,0.5213,0.5213,1.0,25.530000686645508,96065100.0,0.09948326621880943,0.04896200416688057,1.762415346033031,0.596244582535081
GME,2025-09-23,0.0,1.0,1.0,0.3612,0.3612,0.3612,1.0,27.209999084472656,36810600.0,0.016056698536291547,-0.07938257699702422,-0.1040919404271009,-1.0084659329321353
GME,2025-10-14,0.0,3.0,3.0,0.5401,0.4204185185185185,0.59455,2.0,23.3700008392334,26669500.0,-0.009325956419307557,0.00684637747823702,-0.4264458682010477,0.15009726342728796
GME,2025-10-21,3.0,51.0,54.0,0.1906092592592592,0.0010184702718969,0.47805,7.0,23.530000686645508,43238000.0,0.00684637747823702,-0.06034849276905774,-0.07831267354713356,-0.7349044684064191
GME,2025-10-28,0.0,3.0,3.0,-0.0654,-0.0654,0.0,3.0,22.11000061035156,31386200.0,-0.06034849276905774,-0.02804164731425296,-0.3593327599153805,-0.2832626687129407
GME,2025-11-04,0.0,1.0,1.0,0.0,0.0,0.0,1.0,21.489999771118164,26017800.0,-0.02804164731425296,-0.038622612030994374,-0.44804513599030926,-0.42000234637391487
GOOG,2025-05-20,1.0,0.0,1.0,0.9413,0.9413,0.9413,1.0,169.23513793945312,149118600.0,0.010246018857935857,0.004599227084605806,0.8555467207209224,
GOOG,2025-05-27,1.0,10.0,11.0,0.1247090909090908,0.4500599249827264,0.0,3.0,170.01348876953125,132516400.0,0.004599227084605806,0.04386643551734504,0.15491608721021177,
GOOG,2025-06-03,0.0,1.0,1.0,0.0,0.0,0.0,1.0,177.47137451171875,110346500.0,0.04386643551734504,0.0017451991975763192,-0.08552295906035023,
GOOG,2025-06-10,1.0,1.0,2.0,0.31555,0.31555,0.31555,2.0,177.78109741210938,108254000.0,0.0017451991975763192,-0.06704504705236314,-0.08326368088423464,
GOOG,2025-06-17,0.0,2.0,2.0,0.0584999999999999,0.0584999999999999,0.0584999999999999,2.0,165.86175537109375,142566100.0,-0.06704504705236314,0.0685501157506645,0.22774971098823427,1.931877033731654
GOOG,2025-06-24,2.0,0.0,2.0,0.61865,0.2972039179104477,0.61865,1.0,177.23159790039062,194864500.0,0.0685501157506645,0.0009583256206386892,0.6167631383862029,-0.22281393976587258
GOOG,2025-07-01,1.0,22.0,23.0,0.2975260869565217,0.119193912440451,0.38295,6.0,177.4014434814453,79383200.0,0.0009583256206386892,0.029567404808165554,-0.3947011306168928,0.5267727305881985
GOOG,2025-07-15,4.0,5.0,9.0,0.6564888888888889,0.6258904040404041,0.9413,5.0,190.9792938232422,112417000.0,0.04562112565838894,0.011875501307564429,-0.13700116984294397,-0.09469411357915213
GOOG,2025-07-22,2.0,6.0,8.0,0.6208375,0.8652439484126984,0.68615,4.0,193.2472686767578,162188400.0,0.011875501307564429,0.012046362423036694,0.29053303045014434,-0.08488165564770041
GOOG,2025-07-29,3.0,1.0,4.0,0.75515,0.75515,0.9413,4.0,195.5751953125,125516800.0,0.012046362423036694,0.030038348421373318,-0.029893164376996073,0.4614962964002102
GOOG,2025-08-05,4.0,1.0,5.0,0.82742,0.8381024899598394,0.9413,4.0,201.449951171875,90124600.0,0.030038348421373318,0.013192398492859914,-0.3134974802103583,-0.0878091822453096
GOOG,2025-08-12,5.0,3.0,8.0,0.664375,0.69205,0.9413,5.0,204.10755920410156,91315700.0,0.013192398492859914,0.023838713470813788,-0.2922066006082644,0.2614147581055218
GOOG,2025-08-19,6.0,0.0,6.0,0.8337500000000001,0.7264232485729112,0.9413,5.0,208.9732208251953,87729700.0,0.023838713470813788,0.02089305438250255,-0.28447191493726054,0.1522587377243547
GOOG,2025-08-26,5.0,2.0,7.0,0.5848714285714286,0.4142662464985994,0.9413,5.0,213.3393096923828,83897900.0,0.02089305438250255,0.0975942689593785,-0.23182010772642136,2.8141571996789523
GOOG,2025-09-02,6.0,5.0,11.0,0.5046545454545455,0.4724196028481616,0.8481,5.0,234.16000366210935,182602900.0,0.0975942689593785,0.07516224192635046,0.6633407591148954,1.569633029594353
GOOG,2025-09-09,5.0,1.0,6.0,0.7547666666666667,0.6428466666666667,0.9413,5.0,251.7599945068359,108625300.0,0.07516224192635046,0.004448722594590615,-0.07137326310412662,-0.5777712094294146
GOOG,2025-09-16,5.0,6.0,11.0,0.4639999999999999,0.4719406530890886,0.5596,7.0,252.8800048828125,127847000.0,0.004448722594590615,-0.033691885906160124,0.09739761092607924,-1.6567118595972299
GOOG,2025-09-23,3.0,5.0,8.0,0.4324125,0.1677717264573991,0.47065,3.0,244.36000061035156,91611200.0,-0.033691885906160124,0.029260082986681146,-0.18355537548240708,0.2368709562013619
GOOG,2025-09-30,5.0,0.0,5.0,0.9413,0.9413,0.9413,5.0,251.5099945068359,105416800.0,0.029260082986681146,-0.02731499847812513,-0.023640866389898152,-1.3754321453024565
GOOG,2025-10-07,6.0,6.0,12.0,0.3025666666666666,-0.0056917193538733,0.338975,6.0,244.63999938964844,82237500.0,-0.02731499847812513,0.05060492828200713,-0.25157542860360627,0.8852180362038512
GOOG,2025-10-14,5.0,7.0,12.0,0.6877666666666666,0.5252217320261438,0.7498750000000001,6.0,257.0199890136719,84080100.0,0.05060492828200713,0.05022957051571053,-0.2268214830356462,0.8393445668183541
GOOG,2025-10-21,6.0,6.0,12.0,0.4752,0.4676142857142857,0.6712,6.0,269.92999267578125,102121600.0,0.05022957051571053,0.052569195074406494,-0.05696044654236365,0.8746327389320209
GOOG,2025-10-28,5.0,9.0,14.0,0.3585428571428571,0.0503401073795443,0.4624499999999999,6.0,284.1199951171875,144583700.0,0.052569195074406494,0.022772072828012524,0.30764743442485054,-0.0027499677353529047
GOOG,2025-11-04,7.0,10.0,17.0,0.4095352941176471,0.4680406217264088,0.50945,5.0,290.5899963378906,102790000.0,0.022772072828012524,-0.04683569814198685,-0.028591301455175744,-2.01889137695515
INTC,2025-06-24,0.0,1.0,1.0,0.0,0.0,0.0,1.0,22.399999618530273,431217900.0,0.057102362150859065,-0.017857126131349377,0.20842098832515377,-0.6831044496747616
INTC,2025-07-01,0.0,1.0,1.0,-0.8207,-0.8207,-0.8207,1.0,22.0,359241400.0,-0.017857126131349377,0.05909087441184302,-0.022389725856316378,1.4691998975765128
INTC,2025-07-08,0.0,1.0,1.0,0.0,0.0,0.0,1.0,23.299999237060547,342181400.0,0.05909087441184302,-0.0017166956861993654,-0.06620198457191495,-0.34094060365253587
INTC,2025-07-15,0.0,2.0,2.0,0.2334999999999999,0.2334999999999999,0.2334999999999999,2.0,23.260000228881836,296202900.0,-0.0017166956861993654,-0.11092003002229034,-0.23236789380346579,-3.2729089052897664
INTC,2025-07-22,0.0,3.0,3.0,-0.3848666666666666,-0.3848666666666666,-0.5216,3.0,20.68000030517578,585828100.0,-0.11092003002229034,-0.057059975230292936,0.4890262024777703,-1.0905312656514903
INTC,2025-08-05,1.0,10.0,11.0,-0.0703,-0.0830998394191161,-0.7401,3.0,20.649999618530273,546755800.0,0.05897433941180896,0.14576272564096393,0.28769648791721325,2.8418250344886715
INTC,2025-09-02,0.0,1.0,1.0,0.0,0.0,0.0,1.0,24.479999542236328,271638600.0,0.00533877448583242,0.011846442849273497,-0.49736339475562774,0.029378920179564193
INTC,2025-09-09,0.0,1.0,1.0,-0.5574,-0.5574,-0.5574,1.0,24.770000457763672,295908200.0,0.011846442849273497,0.1610819417594147,-0.44337306761670603,2.6920109837529527
INTC,2025-09-16,1.0,7.0,8.0,0.134925,0.2261197282466684,0.2263,1.0,28.760000228881836,1003355700.0,0.1610819417594147,0.19888731807485382,0.8875229160788864,2.7952523918475856
INTC,2025-09-23,0.0,2.0,2.0,0.3243,0.3243,0.3243,2.0,34.47999954223633,1007674900.0,0.19888731807485382,0.06119491410569511,0.7261692413458236,0.4436221297976332
INTC,2025-10-21,0.0,4.0,4.0,0.362275,0.4660499999999999,0.3538,3.0,39.540000915527344,688596600.0,0.03779534118313288,-0.0010116569196040315,0.18786032153032917,-0.44465315240769393
INTC,2025-10-28,0.0,1.0,1.0,0.6983,0.6983,0.6983,1.0,39.5,514813700.0,-0.0010116569196040315,-0.026582259166089806,-0.18168161661425053,-0.8150238381014016
INTC,2025-11-04,0.0,9.0,9.0,0.3992555555555556,0.442645536037013,0.686675,2.0,38.45000076293945,427853500.0,-0.026582259166089806,-0.07620286728316272,-0.35125412499343733,-1.5339207677152278
MSFT,2025-05-13,0.0,4.0,4.0,-0.07165,-0.3613162650602409,-0.07165,2.0,457.2610473632813,67178600.0,,-0.01893772695753282,,
MSFT,2025-05-20,0.0,8.0,8.0,0.2403,-0.1008814104339797,0.5752,4.0,448.6015625,69567800.0,-0.01893772695753282,0.02618951472457809,0.03556489715474864,
MSFT,2025-05-27,2.0,4.0,6.0,0.3051833333333333,0.2663064478455959,0.8095749999999999,4.0,460.3502197265625,103432400.0,0.02618951472457809,0.023334815624462157,0.5127623103789205,
MSFT,2025-06-03,0.0,5.0,5.0,-0.27698,-0.4152703195266271,-0.296,3.0,471.0924072265625,81793700.0,0.023334815624462157,0.013516700011323657,0.02166011321565442,
MSFT,2025-06-10,0.0,3.0,3.0,0.2501333333333333,0.4001375,0.323175,2.0,477.46002197265625,83166300.0,0.013516700011323657,0.01431723425592546,0.03320997911312307,
MSFT,2025-06-17,0.0,2.0,2.0,-0.4976,-0.4976,-0.4976,2.0,484.2959289550781,95380800.0,0.01431723425592546,0.023477433847725493,0.1771373168899153,0.7330466908586334
MSFT,2025-06-24,1.0,2.0,3.0,0.2560333333333333,0.3059613126079447,0.0389249999999999,2.0,495.66595458984375,124287800.0,0.023477433847725493,0.0006231998040633346,0.48990529042219344,-0.8497417074547238
MSFT,2025-07-01,0.0,9.0,9.0,-0.1548777777777777,-0.6612462659380692,-0.537975,2.0,495.974853515625,64231400.0,0.0006231998040633346,0.010648528953543401,-0.28038656392353867,-0.07648936004480428
MSFT,2025-07-08,1.0,3.0,4.0,0.0232749999999999,0.5503787192502927,-0.18045,2.0,501.2562561035156,75516500.0,0.010648528953543401,0.013995475844534866,-0.1232249911035489,0.16841670956972957
MSFT,2025-07-15,0.0,3.0,3.0,-0.6926,-0.7023266666666667,-0.619925,2.0,508.2715759277344,82861200.0,0.013995475844534866,0.004783776301268139,-0.049452612913508553,-0.5408013755375196
MSFT,2025-07-22,1.0,3.0,4.0,0.335125,0.335125,0.3855,4.0,510.7030334472656,79805900.0,0.004783776301268139,0.04515122663861004,-0.10162647900903665,2.67846668212616
MSFT,2025-07-29,0.0,4.0,4.0,0.07625,0.07625,0.1291,4.0,533.7619018554688,148793500.0,0.04515122663861004,-0.025894223715874687,0.7325654441726843,-2.585818491902748
MSFT,2025-08-05,0.0,4.0,4.0,0.328675,0.1514071428571428,0.4767,3.0,519.9405517578125,92331800.0,-0.025894223715874687,-0.008950420404225667,-0.020408639608807677,-1.0711772616824438
MSFT,2025-08-12,0.0,3.0,3.0,0.1753666666666666,0.6542333333333333,0.2319999999999999,2.0,515.286865234375,107529200.0,-0.008950420404225667,-0.023227590062612102,0.1271273173046068,-1.7539131337127658
MSFT,2025-08-19,0.0,5.0,5.0,-0.3075,-0.2718599999999999,-0.5971,4.0,503.3179931640625,113610100.0,-0.023227590062612102,0.004818912873337355,0.1722089931957822,-0.11386213673376185
MSFT,2025-08-26,0.0,3.0,3.0,0.3273333333333333,0.3273333333333333,0.6124,3.0,505.7434387207031,87090800.0,0.004818912873337355,-0.016755770702998385,-0.08886493114240268,-1.2373206446076235
MSFT,2025-09-02,0.0,2.0,2.0,0.7178,0.7178,0.7178,2.0,497.2693176269531,98748400.0,-0.016755770702998385,0.03444390909066919,0.0031086714435728524,1.4952060048100557
MSFT,2025-09-09,0.0,1.0,1.0,0.8744,0.8744,0.8744,1.0,514.397216796875,95672600.0,0.03444390909066919,-0.0017656863810655565,-0.05598387904647295,-0.44538921652492525
MSFT,2025-09-16,0.0,6.0,6.0,0.4539166666666667,0.2965844537815126,0.45135,4.0,513.4889526367188,126925600.0,-0.0017656863810655565,0.0002914535986733302,0.2329123634638579,-0.3252972933608436
MSFT,2025-09-23,0.0,2.0,2.0,0.45135,0.3457878787878787,0.45135,1.0,513.6386108398438,82950700.0,0.0002914535986733302,0.02714743290766819,-0.23784991880115125,1.091066121639978
MSFT,2025-10-07,0.0,6.0,6.0,0.10625,0.0005303508771929,0.25,5.0,513.0896606445312,84740200.0,-0.027470429191038814,0.005330185912954422,-0.16574964401817005,-0.018480052673131356
MSFT,2025-10-14,0.0,4.0,4.0,0.4425249999999999,0.4633583333333333,0.5726,2.0,515.8245239257812,79472000.0,0.005330185912954422,0.028503056759878298,-0.19503959559531525,1.1614261987556784
MSFT,2025-10-21,1.0,4.0,5.0,0.3208,0.8055221052631578,0.6808,3.0,530.527099609375,82839500.0,0.028503056759878298,-0.027261475748939668,-0.12302566441078722,-1.7166440642394194
MSFT,2025-10-28,0.0,5.0,5.0,0.00188,0.0018799999999999,-0.1054,4.0,516.0641479492188,163413900.0,-0.027261475748939668,-0.021333452392286678,0.7397568087546826,-1.2968899853822133
MSFT,2025-11-04,2.0,21.0,23.0,0.1439695652173913,0.5328316986221693,-0.0155499999999999,4.0,505.0547180175781,121510800.0,-0.021333452392286678,0.008260847838740704,0.19113813180462946,0.19567076674003453
NVDA,2025-05-20,1.0,0.0,1.0,0.9625,0.9625,0.9625,1.0,131.2734832763672,818288200.0,-0.031570429008606626,0.04638585985882604,0.26605384217992767,
NVDA,2025-05-27,0.0,7.0,7.0,-0.1253428571428571,-0.0610485714285714,0.0,5.0,137.3627166748047,1397050600.0,0.04638585985882604,0.038215201323498205,0.9077338874528298,
NVDA,2025-06-03,0.0,1.0,1.0,0.0,0.0,0.0,1.0,142.612060546875,963198200.0,0.038215201323498205,0.014513347850426017,0.009758677498808765,
NVDA,2025-06-17,0.0,2.0,2.0,0.3715,0.3715,0.3715,2.0,144.161865234375,697867200.0,-0.00359391170664769,0.09585911713551698,-0.2535799523821737,2.9316739907370715
NVDA,2025-06-24,0.0,1.0,1.0,0.0,0.0,0.0,1.0,157.98109436035156,1112673100.0,0.09585911713551698,0.0015823712465286022,0.24260180178825297,-0.6210056877001258
NVDA,2025-07-01,0.0,3.0,3.0,0.2584666666666667,0.2584666666666667,0.0,3.0,158.2310791015625,668222800.0,0.0015823712465286022,0.03684283409798739,-0.2787445433151904,0.3593679011669342
NVDA,2025-07-08,2.0,19.0,21.0,0.2842285714285713,0.9141866631975072,0.424125,2.0,164.06076049804688,820102600.0,0.03684283409798739,0.044554136827715585,-0.08285484429005285,0.5466435105780864
NVDA,2025-07-15,0.0,3.0,3.0,0.5060333333333333,0.6868,0.623475,2.0,171.37034606933594,819882500.0,0.044554136827715585,0.03133383379662247,-0.10484600332681981,0.12568845952941232
NVDA,2025-07-22,2.0,14.0,16.0,0.2890625,0.736162037882437,0.3289999999999999,4.0,176.7400360107422,738521400.0,0.03133383379662247,0.01838755365158873,-0.19385208040036395,-0.27418442791930353
NVDA,2025-07-29,0.0,4.0,4.0,0.43745,0.4454514705882353,0.66395,3.0,179.98985290527344,902778700.0,0.01838755365158873,0.011444397864835976,0.08273411806823705,-0.481023899796797
NVDA,2025-08-05,0.0,5.0,5.0,-0.0615599999999999,-0.2205,0.0,3.0,182.0497283935547,707198200.0,0.011444397864835976,-0.00027466699455724886,-0.14407958252593234,-0.8411750764375924
NVDA,2025-08-12,0.0,6.0,6.0,0.3504833333333333,0.4756366666666666,0.1591,4.0,181.99972534179688,743521600.0,-0.00027466699455724886,-0.012087159005373604,-0.08026193218396727,-1.1803989334278346
NVDA,2025-08-19,1.0,7.0,8.0,0.3158875,0.3808714788732394,0.4478999999999999,4.0,179.79986572265625,876215000.0,-0.012087159005373604,-0.03131092275516567,0.07628230609189823,-1.7183038286117285
NVDA,2025-08-26,0.0,8.0,8.0,0.1774125,0.1400451388888888,-0.0691,4.0,174.170166015625,929252800.0,-0.03131092275516567,-0.03370071670771413,0.18443243042061974,-1.5919202569449182
NVDA,2025-09-02,2.0,4.0,6.0,0.2959166666666666,0.659243213808288,0.4235,2.0,168.30050659179688,925470400.0,-0.03370071670771413,0.0561465535639909,0.13251151117600068,1.2562776296488558
NVDA,2025-09-09,0.0,3.0,3.0,0.4189333333333334,0.4189333333333334,0.5213,3.0,177.75,807532300.0,0.0561465535639909,0.03296765462926343,-0.02748556092103127,0.4819900790772177
NVDA,2025-09-16,0.0,3.0,3.0,0.2465666666666666,0.2672266666666666,0.184925,2.0,183.61000061035156,1051164000.0,0.03296765462926343,-0.00958550460751284,0.2682790401144386,-0.8181979365105722
NVDA,2025-09-23,0.0,2.0,2.0,0.3806,0.3806,0.3806,2.0,181.8500061035156,869347600.0,-0.00958550460751284,0.020291377832105884,0.0016776000114069323,0.12733169744190992
NVDA,2025-09-30,1.0,0.0,1.0,0.8898,0.8898,0.8898,1.0,185.5399932861328,842906700.0,0.020291377832105884,0.014983368215383708,-0.024089071049505084,-0.041755444831563814
NVDA,2025-10-07,0.0,7.0,7.0,-0.1454714285714285,-0.0925981607638617,0.1147,4.0,188.32000732421875,875511300.0,0.014983368215383708,-0.03016146831808153,-0.005864810941318632,-1.4857577628119016
NVDA,2025-10-14,1.0,10.0,11.0,0.3682999999999999,0.3605467532467533,0.32985,5.0,182.63999938964844,901495100.0,-0.03016146831808153,0.048456012555250005,0.0048152115694373165,1.0715582529847998
NVDA,2025-10-21,3.0,5.0,8.0,0.3560999999999999,0.7387357315389925,0.48675,3.0,191.4900054931641,682602900.0,0.048456012555250005,0.08036972660799169,-0.2418345604182176,2.0173938756976204
NVDA,2025-10-28,3.0,14.0,17.0,0.1779117647058823,0.263821744631064,0.0,7.0,206.8800048828125,1145749700.0,0.08036972660799169,-0.03784803579973817,0.3177052434633587,-1.6539026446911769
NVDA,2025-11-04,2.0,25.0,27.0,0.1391259259259259,0.5448047779304075,0.21125,5.0,199.0500030517578,1047138800.0,-0.03784803579973817,-0.044611930402751576,0.1673284552829215,-1.7314403872904214
PLTR,2025-05-13,0.0,2.0,2.0,-0.11315,-0.1508666666666666,-0.11315,1.0,126.33000183105467,199010600.0,,-0.023905677421739102,,
PLTR,2025-05-20,0.0,3.0,3.0,0.9310666666666668,0.9638866666666668,0.948025,2.0,123.30999755859376,283327100.0,-0.023905677421739102,0.07079714459803443,0.4236784372289717,
PLTR,2025-05-27,1.0,12.0,13.0,-0.0707384615384615,0.6187898028190133,-0.282175,2.0,132.0399932861328,493366600.0,0.07079714459803443,0.00015150161676835694,1.0457310303548737,
PLTR,2025-06-17,0.0,3.0,3.0,0.3130666666666666,0.3708348583877995,0.2348,2.0,139.9199981689453,286307400.0,-0.010536775720085156,-0.02572892289763884,-0.22809335412835097,-1.1510129116098387
PLTR,2025-07-01,0.0,1.0,1.0,0.0,0.0,0.0,1.0,139.1199951171875,264983900.0,0.02053981545283623,0.07209602595836873,-0.2947755394591546,1.4990653495797
PLTR,2025-07-22,0.0,2.0,2.0,0.8426,0.8426,0.8426,2.0,157.8800048828125,258727700.0,0.04012129828084032,0.01760830183252371,-0.3117030509513,-0.15212553027069695
PLTR,2025-07-29,0.0,2.0,2.0,0.9274,0.9274,0.9274,2.0,160.66000366210938,272312100.0,0.01760830183252371,0.13705955752361998,-0.21425525210811458,3.2577016092384614
PLTR,2025-08-05,0.0,5.0,5.0,0.23756,0.1090506493506493,0.08715,3.0,182.67999267578125,410455000.0,0.13705955752361998,-0.04735052684086927,0.2810623902477525,-1.7246869367094555
PLTR,2025-08-12,0.0,5.0,5.0,0.08808,0.08808,0.0,4.0,174.02999877929688,284847200.0,-0.04735052684086927,-0.09687985248872666,-0.11553566703075946,-2.502741232825354
PLTR,2025-08-19,1.0,3.0,4.0,0.5694,0.6108079365079364,0.53075,1.0,157.1699981689453,641916700.0,-0.09687985248872666,-0.0029267128614690607,0.994312675175492,-0.355392901659209
PLTR,2025-08-26,0.0,1.0,1.0,0.0,0.0,0.0,1.0,156.7100067138672,266110000.0,-0.0029267128614690607,-0.0038925440891937058,-0.219490504982912,-0.3593810815905016
PLTR,2025-09-02,0.0,1.0,1.0,0.9017,0.9017,0.9017,1.0,156.10000610351562,314278500.0,-0.0038925440891937058,0.09679692517328653,-0.07859110372063716,1.527462132673236
PLTR,2025-09-09,0.0,1.0,1.0,0.2105,0.2105,0.2105,1.0,171.2100067138672,265491000.0,0.09679692517328653,0.04742710588615284,-0.21809014916282743,0.5014025373298636
PLTR,2025-09-16,0.0,1.0,1.0,0.8176,0.8176,0.8176,1.0,179.3300018310547,329669400.0,0.04742710588615284,-0.0026208733391187566,-0.028290011171870355,-0.43615567434762714
PLTR,2025-09-23,0.0,3.0,3.0,0.1018999999999999,0.1018999999999999,0.0,3.0,178.86000061035156,262745300.0,-0.0026208733391187566,0.0037459363002290136,-0.24527752327680075,-0.30275849038975233
PLTR,2025-10-07,0.0,1.0,1.0,0.4588,0.4588,0.4588,1.0,177.2100067138672,236055700.0,-0.012922587206619096,0.02471637863597409,-0.2879765543173033,0.14045054154932718
PLTR,2025-10-14,0.0,2.0,2.0,0.27115,0.27115,0.27115,2.0,181.58999633789065,204901700.0,0.02471637863597409,0.041797436483051786,-0.3703644465667708,0.4785831613189534
PLTR,2025-10-21,0.0,3.0,3.0,0.6270666666666668,0.5715466666666668,0.5386,2.0,189.17999267578125,203570100.0,0.041797436483051786,0.09514748227551006,-0.24827007020900038,1.5507109631729274
PLTR,2025-10-28,2.0,13.0,15.0,0.1079599999999999,0.2098201537111124,0.0,4.0,207.17999267578125,280994400.0,0.09514748227551006,-0.06549856426853706,0.06848198148418816,-1.734390584595617
PLTR,2025-11-04,1.0,22.0,23.0,0.0961347826086956,0.4009537458882499,0.15355,4.0,193.61000061035156,437724400.0,-0.06549856426853706,-0.10123447157547139,0.6912036906907943,-2.2879705338849465
TSLA,2025-05-13,0.0,6.0,6.0,0.0697,0.1109760736196319,0.0,3.0,342.0899963378906,282648200.0,,-0.0080388202795727,,
TSLA,2025-05-20,0.0,7.0,7.0,0.4177428571428572,0.2468461684011353,0.5763,5.0,339.3399963378906,415838500.0,-0.0080388202795727,0.009872122766748426,0.47122288413653446,
TSLA,2025-05-27,0.0,40.0,40.0,0.134375,0.2194001038886771,0.0386,6.0,342.69000244140625,504987200.0,0.009872122766748426,-0.09953606941005766,0.4459465012003807,
TSLA,2025-06-03,4.0,74.0,78.0,-0.0960384615384615,-0.5105377094983748,-0.064075,4.0,308.5799865722656,791393000.0,-0.09953606941005766,0.06659543458672856,0.9727714909313778,
TSLA,2025-06-10,0.0,2.0,2.0,-0.2427,-0.2427,-0.2427,2.0,329.1300048828125,591885600.0,0.06659543458672856,0.05939898369317498,0.18681722575075055,
TSLA,2025-06-17,0.0,3.0,3.0,-0.1839666666666667,0.25032125,0.0,1.0,348.67999267578125,482825200.0,0.05939898369317498,-0.08896406351171315,-0.06673483450774664,-1.5826498602349506
TSLA,2025-07-01,1.0,29.0,30.0,0.0597999999999999,0.0979965544760582,0.0,2.0,293.94000244140625,453789600.0,-0.0746710349028824,0.07811114943313968,-0.10529484035712411,1.5164111011641614
TSLA,2025-07-08,1.0,1.0,2.0,0.17085,0.9983089998242222,0.17085,1.0,316.8999938964844,440478600.0,0.07811114943313968,0.03657304058414246,-0.11995619746265351,0.6411159133803995
TSLA,2025-07-15,0.0,1.0,1.0,0.2259,0.2259,0.2259,1.0,328.489990234375,418787800.0,0.03657304058414246,-0.008828256515260202,-0.19502237155278423,-0.09934895744201074
TSLA,2025-07-22,0.0,3.0,3.0,0.1575333333333333,0.1575333333333333,0.0,3.0,325.5899963378906,587791000.0,-0.008828256515260202,-0.05015506236659284,0.12902894700808143,-0.7563618805362406
TSLA,2025-07-29,0.0,1.0,1.0,-0.7638,-0.7638,-0.7638,1.0,309.260009765625,424367000.0,-0.05015506236659284,0.09626200631705761,-0.2007656032976256,1.6957671980437516
TSLA,2025-08-05,0.0,1.0,1.0,-0.7401,-0.7401,-0.7401,1.0,339.0299987792969,399664100.0,0.09626200631705761,-0.011414904672511939,-0.17610088321229744,-0.19672922284545738
TSLA,2025-08-12,0.0,4.0,4.0,-0.2079499999999999,-0.441525,-0.0267499999999999,3.0,335.1600036621094,354638100.0,-0.011414904672511939,0.03413295833753316,-0.23082165167099922,0.5388268671674131
TSLA,2025-09-02,0.0,1.0,1.0,0.7469,0.7469,0.7469,1.0,346.3999938964844,392034400.0,0.037529574273060584,0.18371829032842069,-0.051572108094599556,3.0970927141461835
TSLA,2025-09-16,0.0,2.0,2.0,-0.7181,-0.7181,-0.7181,2.0,434.2099914550781,491113500.0,0.05894542582790008,0.020727298259167526,0.15513432036467467,0.07187882603764395
TSLA,2025-09-23,0.0,3.0,3.0,0.6286666666666667,0.6286666666666667,0.6115,3.0,443.2099914550781,454422400.0,0.020727298259167526,0.02265293819744474,0.10010361683299496,0.09829847621643
TSLA,2025-10-07,0.0,2.0,2.0,0.0,0.0,0.0,1.0,435.8999938964844,434488800.0,-0.038279108888065405,0.026451018446297603,0.003736038800884467,0.19402139577921812
TSLA,2025-10-14,1.0,1.0,2.0,0.2199499999999999,0.9813379876796716,0.2199499999999999,1.0,447.4299926757813,374468100.0,0.026451018446297603,0.011152629089773436,-0.15441879362146005,-0.04883960035427585
TSLA,2025-10-21,3.0,28.0,31.0,0.1203451612903225,0.7066147115082437,0.0258,5.0,452.4200134277344,465740800.0,0.011152629089773436,0.03525481016767795,0.05627436959713572,0.3359896249223325
TSLA,2025-10-28,0.0,5.0,5.0,-0.1547,-0.2169249999999999,-0.4939,3.0,468.3699951171875,388348100.0,0.03525481016767795,-0.04940535126523138,-0.16076941408247047,-1.0455731300170041
TSLA,2025-11-04,0.0,4.0,4.0,0.016925,0.0262666666666667,0.0776,3.0,445.2300109863281,462939900.0,-0.04940535126523138,-0.09181772089498208,0.0014226428070363006,-1.6902719256923637
WMT,2025-05-13,3.0,40.0,43.0,0.0033209302325581,-0.6653961349515932,-0.1830999999999999,4.0,97.89136505126952,97813900.0,,-0.018141089534672528,,
WMT,2025-05-20,0.0,16.0,16.0,0.1131187499999999,0.0083604094292803,0.05135,3.0,96.11550903320312,58732700.0,-0.018141089534672528,0.03560304402617165,-0.39954648572442153,
WMT,2025-05-27,1.0,5.0,6.0,0.2615833333333333,0.4902223133281818,0.0,3.0,99.53751373291016,89718300.0,0.03560304402617165,-0.02325344854717104,0.14621844230408065,
WMT,2025-06-10,1.0,3.0,4.0,0.2714,0.9542601693932008,0.2533499999999999,1.0,94.0702896118164,84974200.0,-0.03242685532044021,0.037967941718644926,0.06868579650068929,
WMT,2025-08-12,0.0,1.0,1.0,-0.6562,-0.6562,-0.6562,1.0,100.6999969482422,73433200.0,-0.02881563990210556,-0.045978127047984985,0.02220302784696293,-1.7811593595983557
WMT,2025-08-19,0.0,3.0,3.0,-0.6907,-0.6907,-0.7352,3.0,96.06999969482422,139130400.0,-0.045978127047984985,0.009472297959821852,0.9162911134372762,0.3573365374839082
WMT,2025-09-23,1.0,0.0,1.0,0.7579,0.7578999999999999,0.7579,1.0,103.08000183105467,65253700.0,0.0025287117000794,-0.003686504424352699,-0.24265771447928774,-0.24204058643806012
WMT,2025-10-14,0.0,1.0,1.0,-0.4939,-0.4939,-0.4939,1.0,107.0500030517578,92958800.0,0.04827653909694751,-0.02410090385338204,0.10813698769348279,-1.0235955579422442
WMT,2025-10-21,1.0,9.0,10.0,0.13226,-0.4386842164927011,0.128,3.0,104.47000122070312,61298300.0,-0.02410090385338204,-0.02756776920800652,-0.21529148713267976,-1.103283689626318
WMT,2025-10-28,0.0,1.0,1.0,0.963,0.963,0.963,1.0,101.58999633789062,74423200.0,-0.02756776920800652,0.008170113800320511,-0.033760453783290956,0.22262225809173763
WMT,2025-11-04,1.0,0.0,1.0,0.9094,0.9094,0.9094,1.0,102.41999816894533,72615500.0,0.008170113800320511,0.0005858737459580876,-0.05261882423584363,-0.05825475344929911
