date_utc,ticker,n_posts,n_comments,n_total,mean_compound,median_compound,score_weighted_compound
2025-05-15,JPM,0,1,1,0.981,0.981,0.981
2025-05-15,WMT,1,2,3,0.13156666666666664,0.4939,0.5132912396694215
2025-05-16,AAPL,0,1,1,0.2484,0.2484,0.2484
2025-05-16,TSLA,0,2,2,-0.12615,-0.12615,-0.002321779141104295
2025-05-17,AAPL,0,1,1,-0.5267,-0.5267,-0.5267
2025-05-17,AMZN,1,1,2,-0.37865000000000004,-0.37865000000000004,-0.9344220617355854
2025-05-17,MSFT,0,2,2,-0.2202,-0.2202,-0.4404
2025-05-17,TSLA,0,1,1,0.0,0.0,0.0
2025-05-17,WMT,2,27,29,0.11140689655172413,0.0,-0.7760258817845064
2025-05-18,AMZN,0,1,1,0.8591,0.8591,0.8591
2025-05-18,MS,0,1,1,0.1655,0.1655,0.1655
2025-05-18,PLTR,0,2,2,-0.11315,-0.11315,-0.15086666666666668
2025-05-18,SNOW,0,1,1,0.3612,0.3612,0.3612
2025-05-18,TSLA,0,3,3,0.2235,0.0,0.2235
2025-05-18,WMT,0,4,4,-0.2488,-0.36619999999999997,-0.6699579302045727
2025-05-19,AMZN,0,1,1,-0.9746,-0.9746,-0.9746000000000001
2025-05-19,MSFT,0,2,2,0.0769,0.0769,-0.28223253012048194
2025-05-19,UNH,1,3,4,0.551775,0.6324,0.9202533333333334
2025-05-19,WMT,0,7,7,-0.3553571428571428,-0.5994,-0.7096178899082568
2025-05-20,AMD,0,1,1,0.7585,0.7585,0.7585
2025-05-20,AMZN,0,1,1,0.7624,0.7624,0.7624
2025-05-20,BAC,1,0,1,-0.2006,-0.2006,-0.2006
2025-05-20,JPM,1,0,1,-0.2006,-0.2006,-0.2006
2025-05-20,MSFT,0,2,2,-0.44,-0.44,-0.6121399999999999
2025-05-20,TSLA,0,1,1,0.1531,0.1531,0.1531
2025-05-20,UNH,0,1,1,0.8126,0.8126,0.8126
2025-05-20,WMT,0,2,2,0.05664999999999998,0.05664999999999998,-0.41348
2025-05-21,AMZN,0,5,5,0.20550000000000002,0.6249,-0.5598689365465399
2025-05-21,COST,0,3,3,0.0615,0.0,0.311804347826087
2025-05-21,TSLA,0,2,2,-0.15984999999999996,-0.15984999999999996,-0.6398384105960265
2025-05-21,UNH,0,1,1,0.9467,0.9467,0.9467
2025-05-21,WMT,0,12,12,0.14138333333333333,0.05135,0.0800605459057072
2025-05-22,AMD,0,2,2,0.60615,0.60615,0.5659
2025-05-22,DIS,0,1,1,0.4854,0.4854,0.4854
2025-05-22,GME,0,1,1,0.1027,0.1027,0.1027
2025-05-22,MSFT,0,1,1,0.8868,0.8868,0.8868
2025-05-23,AAPL,0,13,13,0.002184615384615383,0.0,-0.012434229607250755
2025-05-23,AMC,0,1,1,0.9989,0.9989,0.9989000000000001
2025-05-23,GOOG,1,0,1,0.9413,0.9413,0.9413
2025-05-23,MSFT,0,3,3,0.3860666666666666,0.7717,-0.4931459833795016
2025-05-23,NFLX,0,1,1,0.9989,0.9989,0.9989000000000001
2025-05-23,NVDA,1,0,1,0.9625,0.9625,0.9625
2025-05-23,PLTR,0,1,1,0.9989,0.9989,0.9989000000000001
2025-05-23,TSLA,0,1,1,0.9989,0.9989,0.9989000000000001
2025-05-24,AAPL,0,1,1,0.0,0.0,0.0
2025-05-24,COST,0,1,1,-0.2732,-0.2732,-0.2732
2025-05-24,UNH,0,1,1,0.959,0.959,0.959
2025-05-24,WMT,0,2,2,0.0,0.0,0.0
2025-05-25,GME,0,2,2,0.0,0.0,0.0
2025-05-25,PLTR,0,2,2,0.89715,0.89715,0.9463799999999999
2025-05-25,SOFI,0,1,1,-0.3919,-0.3919,-0.3919
2025-05-25,TSLA,0,1,1,0.9393,0.9393,0.9393
2025-05-25,UBER,0,1,1,0.0,0.0,0.0
2025-05-26,AAPL,0,1,1,0.25,0.25,0.25
2025-05-26,MSFT,0,2,2,0.3787,0.3787,0.5049333333333333
2025-05-26,TSLA,0,2,2,0.5763,0.5763,0.45815
2025-05-27,AAPL,0,1,1,-0.9217,-0.9217,-0.9217
2025-05-27,AMZN,0,1,1,-0.9217,-0.9217,-0.9217
2025-05-27,META,0,1,1,-0.9217,-0.9217,-0.9217
2025-05-27,NVDA,0,1,1,-0.9217,-0.9217,-0.9217
2025-05-27,TSLA,0,2,2,0.10115,0.10115,0.10115
2025-05-28,AMZN,0,1,1,0.5093,0.5093,0.5093
2025-05-28,GME,1,6,7,0.06851428571428574,0.0,-0.4431235924932976
2025-05-28,NVDA,0,2,2,0.37505,0.37505,0.60008
2025-05-28,TSLA,0,34,34,0.1713264705882353,0.12505,0.27135600457491427
2025-05-29,GME,0,1,1,0.0,0.0,0.0
2025-05-29,GOOG,0,1,1,0.0,0.0,0.0
2025-05-29,MSFT,0,1,1,0.7731,0.7731,0.7731
2025-05-29,TSLA,0,1,1,-0.1577,-0.1577,-0.1577
2025-05-30,GME,0,1,1,-0.7506,-0.7506,-0.7506
2025-05-30,MSFT,1,0,1,0.8519,0.8519,0.8518999999999999
2025-05-30,PLTR,1,10,11,0.019009090909090906,0.0,0.8339061306042884
2025-05-30,TSLA,0,1,1,0.0772,0.0772,0.0772
2025-05-31,AMZN,0,2,2,-0.19699999999999998,-0.19699999999999998,-0.2505571428571428
2025-05-31,COST,1,4,5,0.3336,0.0,0.8475336767104473
2025-05-31,GME,0,1,1,-0.7373,-0.7373,-0.7373
2025-05-31,HD,0,1,1,0.296,0.296,0.296
2025-05-31,NKE,1,0,1,0.8479,0.8479,0.8479000000000001
2025-05-31,NVDA,0,1,1,-0.7373,-0.7373,-0.7373
2025-05-31,PLTR,0,2,2,-0.56435,-0.56435,-0.56435
2025-05-31,WMT,1,3,4,0.5048,0.58565,0.8477584699922727
2025-06-01,AAPL,1,4,5,0.27436,0.4939,0.7134340635268348
2025-06-01,COST,0,1,1,0.0,0.0,0.0
2025-06-01,GOOG,1,6,7,0.19597142857142855,0.1531,0.7072370249728558
2025-06-01,MSFT,0,2,2,-0.743,-0.743,-0.920844827586207
2025-06-01,NKE,0,1,1,0.0,0.0,0.0
2025-06-01,NVDA,0,2,2,0.01575,0.01575,0.015749999999999986
2025-06-01,TSLA,0,1,1,-0.5719,-0.5719,-0.5719
2025-06-01,UBER,0,1,1,-0.5719,-0.5719,-0.5719
2025-06-01,WMT,0,1,1,-0.4497,-0.4497,-0.4497
2025-06-02,AAPL,0,2,2,0.48,0.48,0.7821
2025-06-02,COST,0,1,1,0.0,0.0,0.0
2025-06-02,GOOG,0,3,3,0.0,0.0,0.0
2025-06-02,MSFT,1,1,2,0.84605,0.84605,0.9072641711229946
2025-06-02,NVDA,0,1,1,0.0,0.0,0.0
2025-06-02,PYPL,0,1,1,0.34,0.34,0.34
2025-06-02,TSLA,0,1,1,0.0,0.0,0.0
2025-06-02,WMT,0,1,1,0.0,0.0,0.0
2025-06-03,GOOG,0,1,1,0.0,0.0,0.0
2025-06-04,TSLA,1,21,22,0.02867727272727273,0.07385,-0.83098805567391
2025-06-05,MSFT,0,2,2,-0.6869,-0.6869,-0.55874
2025-06-05,TSLA,1,15,16,-0.13343125,-0.1726,-0.7840700110689437
2025-06-06,AMZN,0,1,1,0.9358,0.9358,0.9358
2025-06-06,MS,1,0,1,-0.6171,-0.6171,-0.6171
2025-06-06,MSFT,0,2,2,0.14245,0.14245,-0.33143579881656804
2025-06-06,NVDA,0,1,1,0.0,0.0,0.0
2025-06-06,TSLA,2,24,26,-0.15529230769230767,-0.0258,-0.6623714196891192
2025-06-07,TSLA,0,14,14,-0.13924285714285714,-0.10235000000000001,0.5876123552123553
2025-06-08,AAPL,0,1,1,0.9753,0.9753,0.9753
2025-06-08,MSFT,0,1,1,-0.296,-0.296,-0.296
2025-06-11,MSFT,0,2,2,0.10405,0.10405,0.32905625
2025-06-12,TSLA,0,1,1,-0.4854,-0.4854,-0.4854
2025-06-13,AMZN,0,1,1,-0.1027,-0.1027,-0.10269999999999999
2025-06-13,GOOG,1,0,1,0.9413,0.9413,0.9413
2025-06-13,META,0,1,1,0.5859,0.5859,0.5859
2025-06-13,MSFT,0,1,1,0.5423,0.5423,0.5423
2025-06-13,TSLA,0,1,1,0.0,0.0,0.0
2025-06-14,AMZN,1,7,8,0.6352125,0.67025,0.9595833003146486
2025-06-14,GOOG,0,1,1,-0.3102,-0.3102,-0.3102
2025-06-14,PYPL,0,1,1,0.7783,0.7783,0.7783000000000001
2025-06-14,WMT,1,3,4,0.2714,0.25334999999999996,0.9542601693932009
2025-06-17,COST,0,1,1,0.0,0.0,0.0
2025-06-17,META,0,1,1,0.743,0.743,0.743
2025-06-17,MSFT,0,1,1,0.0,0.0,0.0
2025-06-17,NVDA,0,1,1,0.743,0.743,0.743
2025-06-19,AMD,0,1,1,0.8955,0.8955,0.8955
2025-06-19,GOOG,0,1,1,0.5574,0.5574,0.5574
2025-06-19,MSFT,0,1,1,-0.9952,-0.9952,-0.9952
2025-06-19,PLTR,0,2,2,0.4696,0.4696,0.5562522875816993
2025-06-22,AMZN,0,1,1,-0.998,-0.998,-0.998
2025-06-22,GOOG,0,1,1,-0.4404,-0.4404,-0.4404
2025-06-22,NVDA,0,1,1,0.0,0.0,0.0
2025-06-22,PLTR,0,1,1,0.0,0.0,0.0
2025-06-22,TSLA,0,3,3,-0.1839666666666667,0.0,0.25032125
2025-06-22,UNH,0,1,1,0.4019,0.4019,0.4019
2025-06-22,XOM,0,1,1,0.5574,0.5574,0.5574
2025-06-24,AAPL,0,1,1,0.8074,0.8074,0.8074
2025-06-24,AMZN,0,1,1,0.8074,0.8074,0.8074
2025-06-24,PYPL,0,1,1,0.8074,0.8074,0.8074
2025-06-24,SOFI,0,1,1,0.8074,0.8074,0.8074
2025-06-25,GME,0,1,1,0.0,0.0,0.0
2025-06-26,INTC,0,1,1,0.0,0.0,0.0
2025-06-26,MSFT,0,1,1,-0.6124,-0.6124,-0.6124
2025-06-29,AMZN,0,1,1,0.25,0.25,0.25
2025-06-30,GOOG,2,0,2,0.61865,0.61865,0.29720391791044776
2025-06-30,MSFT,1,1,2,0.69025,0.69025,0.7651419689119171
2025-06-30,NVDA,0,1,1,0.0,0.0,0.0
2025-07-01,AAPL,0,1,1,-0.3182,-0.3182,-0.3182
2025-07-01,INTC,0,1,1,-0.8207,-0.8207,-0.8207
2025-07-01,MSFT,0,8,8,-0.0678125,-0.22455,-0.6374770491803279
2025-07-01,TSLA,1,28,29,0.06186206896551724,0.0,0.10137574600971545
2025-07-02,AAPL,0,1,1,0.6532,0.6532,0.6532
2025-07-02,GOOG,1,7,8,0.2686625,0.5206,-0.21343446601941746
2025-07-02,KO,0,1,1,0.6532,0.6532,0.6532
2025-07-02,NVDA,0,1,1,-0.2144,-0.2144,-0.2144
2025-07-02,SOFI,0,1,1,0.8957,0.8957,0.8957
2025-07-03,GOOG,0,7,7,0.1579142857142857,0.0,0.1579142857142857
2025-07-03,MSFT,0,1,1,-0.8514,-0.8514,-0.8514
2025-07-04,GOOG,0,2,2,0.15835,0.15835,0.15835
2025-07-05,GME,0,1,1,0.0,0.0,0.0
2025-07-05,GOOG,0,2,2,0.5106,0.5106,0.5106
2025-07-05,PLTR,0,1,1,0.0,0.0,0.0
2025-07-05,TSLA,0,1,1,0.0,0.0,0.0
2025-07-06,AMD,0,2,2,0.2434,0.2434,0.39268000000000003
2025-07-06,GOOG,0,2,2,0.86995,0.86995,0.929875
2025-07-06,NVDA,0,1,1,0.9898,0.9898,0.9898000000000001
2025-07-07,AMZN,0,1,1,0.0,0.0,0.0
2025-07-07,GOOG,0,2,2,0.2553,0.2553,0.07294285714285716
2025-07-07,NVDA,0,1,1,0.0,0.0,0.0
2025-07-09,AAPL,1,2,3,0.15133333333333332,0.0,0.9528401835399782
2025-07-09,AMD,0,2,2,0.0,0.0,0.0
2025-07-09,AMZN,0,1,1,-0.5106,-0.5106,-0.5106
2025-07-09,MSFT,1,2,3,0.25,0.296,0.9528049590003904
2025-07-09,NVDA,1,11,12,0.16427499999999998,0.11315,0.8519524951935131
2025-07-10,AAPL,1,0,1,0.9986,0.9986,0.9985999999999998
2025-07-10,AMD,0,1,1,0.9369,0.9369,0.9369
2025-07-10,INTC,0,1,1,0.0,0.0,0.0
2025-07-10,MSFT,0,1,1,-0.6569,-0.6569,-0.6569
2025-07-10,NVDA,1,8,9,0.44416666666666665,0.7351,0.9971655538694992
2025-07-10,TSLA,1,1,2,0.17085,0.17085,0.9983089998242222
2025-07-14,META,0,2,2,-0.30315000000000003,-0.30315000000000003,-0.7964000000000001
2025-07-15,BAC,0,1,1,-0.93,-0.93,-0.93
2025-07-15,GOOG,1,0,1,0.9413,0.9413,0.9413
2025-07-15,GS,0,1,1,-0.93,-0.93,-0.93
2025-07-15,JPM,0,1,1,-0.93,-0.93,-0.93
2025-07-15,META,0,3,3,-0.26853333333333335,0.0129,-0.26853333333333335
2025-07-15,MS,0,1,1,-0.93,-0.93,-0.93
2025-07-15,NFLX,0,1,1,-0.93,-0.93,-0.93
2025-07-15,PEP,0,1,1,-0.93,-0.93,-0.93
2025-07-16,GOOG,0,2,2,0.09505,0.09505,0.01728181818181818
2025-07-16,NVDA,0,2,2,0.27115,0.27115,0.5423
2025-07-17,AAPL,0,1,1,0.4854,0.4854,0.4854
2025-07-17,GOOG,1,2,3,0.8895,0.9413,0.8836166666666667
2025-07-17,NFLX,0,1,1,-0.7845,-0.7845,-0.7845
2025-07-17,NVDA,0,1,1,0.9758,0.9758,0.9758
2025-07-17,PEP,0,1,1,-0.7845,-0.7845,-0.7845
2025-07-18,GOOG,1,0,1,0.9413,0.9413,0.9413
2025-07-18,META,0,3,3,0.25056666666666666,0.3492,0.25056666666666666
2025-07-19,INTC,0,1,1,0.2411,0.2411,0.2411
2025-07-19,META,0,1,1,-0.5719,-0.5719,-0.5719
2025-07-19,MSFT,0,1,1,-0.4019,-0.4019,-0.4019
2025-07-19,NKE,0,1,1,0.0,0.0,0.0
2025-07-20,ADBE,0,1,1,0.0,0.0,0.0
2025-07-20,MSFT,0,2,2,-0.83795,-0.83795,-0.8525400000000001
2025-07-21,GOOG,1,1,2,0.5836,0.5836,0.5325000000000001
2025-07-21,INTC,0,1,1,0.2259,0.2259,0.2259
2025-07-21,KO,0,1,1,0.2259,0.2259,0.2259
2025-07-21,TSLA,0,1,1,0.2259,0.2259,0.2259
2025-07-22,AMZN,0,1,1,0.4995,0.4995,0.4995
2025-07-22,GME,0,1,1,0.0,0.0,0.0
2025-07-22,GOOG,1,1,2,0.20985000000000004,0.20985000000000004,0.9413
2025-07-22,INTC,0,1,1,-0.5216,-0.5216,-0.5216
2025-07-22,KO,0,1,1,-0.5216,-0.5216,-0.5216
2025-07-22,TSLA,0,1,1,-0.5216,-0.5216,-0.5216
2025-07-23,AMC,0,2,2,0.0,0.0,0.0
2025-07-23,GME,1,11,12,0.14473333333333335,0.125,0.8916091513292433
2025-07-23,MRNA,1,0,1,0.9553,0.9553,0.9553
2025-07-23,MS,1,0,1,0.9893,0.9893,0.9893
2025-07-23,MSFT,0,1,1,-0.3942,-0.3942,-0.3942
2025-07-24,AAPL,0,1,1,0.9942,0.9942,0.9942
2025-07-24,AMD,0,1,1,0.0,0.0,0.0
2025-07-24,AMZN,0,1,1,0.9942,0.9942,0.9942
2025-07-24,GME,0,3,3,0.11676666666666667,0.0,0.11676666666666667
2025-07-24,GOOG,1,2,3,0.7245666666666667,0.9413,0.8710857142857142
2025-07-24,INTC,0,1,1,-0.633,-0.633,-0.633
2025-07-24,KO,0,1,1,-0.633,-0.633,-0.633
2025-07-24,MSFT,0,1,1,0.34,0.34,0.34
2025-07-24,NVDA,0,2,2,0.21075,0.21075,0.04683333333333333
2025-07-24,PLTR,0,1,1,0.7351,0.7351,0.7351
2025-07-24,TSLA,0,1,1,0.9942,0.9942,0.9942
2025-07-25,GOOG,0,1,1,0.431,0.431,0.431
2025-07-25,INTC,0,1,1,0.0,0.0,0.0
2025-07-25,MSFT,0,1,1,0.431,0.431,0.431
2025-07-25,NVDA,1,2,3,0.4953,0.6486,0.8325129032258064
2025-07-26,AAPL,0,1,1,0.9501,0.9501,0.9501
2025-07-26,GS,0,1,1,0.9501,0.9501,0.9501
2025-07-26,PLTR,0,1,1,0.9501,0.9501,0.9501
2025-07-26,SOFI,0,1,1,0.0,0.0,0.0
2025-07-26,UBER,0,1,1,-0.7906,-0.7906,-0.7906
2025-07-27,AMC,0,1,1,0.0,0.0,0.0
2025-07-27,AMD,1,0,1,0.9637,0.9637,0.9636999999999999
2025-07-27,GOOG,0,2,2,0.97115,0.97115,0.9975472222222221
2025-07-27,MSFT,1,0,1,0.9637,0.9637,0.9636999999999999
2025-07-27,NVDA,1,8,9,0.24057777777777778,0.3818,0.9076319144194339
2025-07-28,AMD,0,1,1,0.7425,0.7425,0.7425
2025-07-28,NVDA,0,2,2,0.2762,0.2762,0.50935
2025-07-28,TSLA,0,1,1,0.0,0.0,0.0
2025-07-29,AAPL,0,1,1,-0.103,-0.103,-0.103
2025-07-29,AMC,0,1,1,-0.103,-0.103,-0.103
2025-07-29,AMZN,0,1,1,-0.103,-0.103,-0.103
2025-07-29,BA,0,1,1,-0.103,-0.103,-0.103
2025-07-29,COST,0,1,1,-0.103,-0.103,-0.103
2025-07-29,CVX,0,1,1,-0.103,-0.103,-0.103
2025-07-29,GOOG,1,0,1,0.9413,0.9413,0.9413
2025-07-29,KO,0,1,1,0.0772,0.0772,0.0772
2025-07-29,META,0,1,1,-0.103,-0.103,-0.103
2025-07-29,MRNA,0,1,1,-0.103,-0.103,-0.103
2025-07-29,MSFT,0,1,1,-0.103,-0.103,-0.103
2025-07-29,PYPL,0,1,1,-0.103,-0.103,-0.103
2025-07-29,SOFI,0,1,1,-0.103,-0.103,-0.103
2025-07-29,UNH,0,1,1,-0.103,-0.103,-0.103
2025-07-29,XOM,0,1,1,-0.103,-0.103,-0.103
2025-07-30,GME,0,1,1,0.1655,0.1655,0.1655
2025-07-30,GOOG,0,1,1,0.1967,0.1967,0.1967
2025-07-30,NVDA,0,2,2,0.66395,0.66395,0.6799529411764706
2025-07-30,TSLA,0,1,1,-0.7638,-0.7638,-0.7638
2025-07-30,UNH,0,1,1,0.0,0.0,0.0
2025-07-31,AMD,0,1,1,0.6808,0.6808,0.6808
2025-08-01,AAPL,0,1,1,0.0,0.0,0.0
2025-08-01,AMZN,0,2,2,-0.33509999999999995,-0.33509999999999995,0.020053846153846165
2025-08-01,BAC,0,1,1,0.0,0.0,0.0
2025-08-01,COST,0,1,1,0.8918,0.8918,0.8918000000000001
2025-08-01,CVX,0,1,1,0.8918,0.8918,0.8918000000000001
2025-08-01,DIS,0,1,1,0.3612,0.3612,0.3612
2025-08-01,GOOG,1,0,1,0.9413,0.9413,0.9413
2025-08-01,MRNA,0,1,1,0.8918,0.8918,0.8918000000000001
2025-08-01,MSFT,0,1,1,0.5574,0.5574,0.5574
2025-08-01,NFLX,0,1,1,0.2023,0.2023,0.2023
2025-08-01,PLTR,0,1,1,0.8918,0.8918,0.8918000000000001
2025-08-01,XOM,0,1,1,0.8918,0.8918,0.8918000000000001
2025-08-02,MSFT,0,1,1,0.3612,0.3612,0.3612
2025-08-03,AMD,0,1,1,-0.5106,-0.5106,-0.5106
2025-08-03,AMZN,0,1,1,0.9111,0.9111,0.9111
2025-08-03,META,0,1,1,-0.5106,-0.5106,-0.5106
2025-08-03,MSFT,0,1,1,-0.5106,-0.5106,-0.5106
2025-08-03,NVDA,0,1,1,-0.5106,-0.5106,-0.5106
2025-08-04,AMD,0,1,1,0.963,0.963,0.963
2025-08-04,DIS,0,1,1,0.963,0.963,0.963
2025-08-04,GOOG,1,0,1,0.9413,0.9413,0.9413
2025-08-04,LYFT,0,1,1,0.963,0.963,0.963
2025-08-04,NVDA,0,1,1,0.9325,0.9325,0.9325
2025-08-04,PFE,0,1,1,0.963,0.963,0.963
2025-08-04,PLTR,0,1,1,0.963,0.963,0.963
2025-08-04,UBER,0,1,1,0.963,0.963,0.963
2025-08-05,AMD,0,1,1,0.9719,0.9719,0.9719
2025-08-05,DIS,0,1,1,0.9719,0.9719,0.9719
2025-08-05,GOOG,1,0,1,0.9413,0.9413,0.9413
2025-08-05,LYFT,0,1,1,0.9719,0.9719,0.9719
2025-08-05,PFE,0,1,1,0.9719,0.9719,0.9719
2025-08-05,UBER,0,1,1,0.9719,0.9719,0.9719
2025-08-06,AAPL,0,1,1,-0.9202,-0.9202,-0.9201999999999999
2025-08-06,AMD,0,1,1,0.4323,0.4323,0.4323
2025-08-06,AMZN,0,1,1,-0.0572,-0.0572,-0.05720000000000001
2025-08-06,DIS,0,1,1,0.6632,0.6632,0.6632
2025-08-06,GOOG,2,0,2,0.9681500000000001,0.9681500000000001,0.9948562248995984
2025-08-06,INTC,0,1,1,-0.743,-0.743,-0.743
2025-08-06,LYFT,0,1,1,0.6632,0.6632,0.6632
2025-08-06,NVDA,0,2,2,0.21615,0.21615,0.0655
2025-08-06,UBER,0,1,1,0.6632,0.6632,0.6632
2025-08-07,AAPL,0,2,2,0.23605,0.23605,0.470949238269348
2025-08-07,GOOG,0,1,1,0.3182,0.3182,0.3182
2025-08-07,INTC,1,8,9,0.07886666666666668,0.0,0.06322241848774698
2025-08-08,AAPL,0,2,2,0.16645,0.16645,0.16645
2025-08-08,AMC,0,1,1,0.9466,0.9466,0.9466
2025-08-08,GOOG,1,0,1,0.9413,0.9413,0.9413
2025-08-08,NVDA,0,1,1,0.0,0.0,0.0
2025-08-08,PLTR,0,1,1,-0.6137,-0.6137,-0.6137
2025-08-09,INTC,0,1,1,-0.7401,-0.7401,-0.7401
2025-08-09,MSFT,0,2,2,0.08715,0.08715,-0.2673857142857143
2025-08-09,NVDA,0,2,2,-0.37005,-0.37005,-0.61675
2025-08-09,PLTR,0,2,2,0.08715,0.08715,-0.2673857142857143
2025-08-09,TSLA,0,1,1,-0.7401,-0.7401,-0.7401
2025-08-10,AMZN,0,1,1,0.9484,0.9484,0.9484
2025-08-10,COST,0,1,1,0.6637,0.6637,0.6637
2025-08-10,DIS,0,1,1,0.6637,0.6637,0.6637
2025-08-10,META,0,1,1,0.6637,0.6637,0.6637
2025-08-10,MSFT,0,1,1,0.6637,0.6637,0.6637
2025-08-10,NFLX,0,1,1,0.6637,0.6637,0.6637
2025-08-10,ORCL,0,1,1,0.7964,0.7964,0.7964
2025-08-10,PLTR,0,2,2,0.8136,0.8136,0.8468623376623376
2025-08-11,MSFT,0,1,1,0.4767,0.4767,0.4767
2025-08-12,GOOG,1,0,1,0.9413,0.9413,0.9413
2025-08-12,PLTR,0,2,2,0.0,0.0,0.0
2025-08-12,UNH,0,1,1,0.431,0.431,0.43099999999999994
2025-08-13,AAPL,0,1,1,0.4019,0.4019,0.40190000000000003
2025-08-13,AMD,0,3,3,0.28636666666666666,0.0,0.8591000000000001
2025-08-13,BAC,0,1,1,0.4019,0.4019,0.40190000000000003
2025-08-13,COST,0,1,1,0.0,0.0,0.0
2025-08-13,CVX,0,1,1,0.4019,0.4019,0.40190000000000003
2025-08-13,GOOG,1,0,1,0.9413,0.9413,0.9413
2025-08-13,HD,0,1,1,0.4019,0.4019,0.40190000000000003
2025-08-13,JPM,0,1,1,0.4019,0.4019,0.40190000000000003
2025-08-13,KO,0,2,2,0.20095,0.20095,0.3653636363636364
2025-08-13,META,0,1,1,0.8591,0.8591,0.8591000000000001
2025-08-13,MSFT,0,1,1,0.4019,0.4019,0.40190000000000003
2025-08-13,NVDA,0,3,3,0.39243333333333336,0.3182,0.6427399999999999
2025-08-13,PEP,0,1,1,0.4019,0.4019,0.40190000000000003
2025-08-13,PLTR,0,1,1,0.4404,0.4404,0.4404
2025-08-13,SOFI,0,1,1,0.0,0.0,0.0
2025-08-13,TSLA,0,2,2,-0.026749999999999996,-0.026749999999999996,-0.4939
2025-08-13,UNH,0,1,1,0.4019,0.4019,0.40190000000000003
2025-08-13,XOM,0,1,1,0.4019,0.4019,0.40190000000000003
2025-08-14,AMD,0,1,1,0.1779,0.1779,0.1779
2025-08-14,AMZN,0,1,1,0.1779,0.1779,0.1779
2025-08-14,BAC,0,1,1,0.0,0.0,0.0
2025-08-14,DIS,0,1,1,0.0,0.0,0.0
2025-08-14,GOOG,1,0,1,0.9413,0.9413,0.9413
2025-08-14,JPM,0,1,1,0.0,0.0,0.0
2025-08-14,PEP,0,1,1,0.0,0.0,0.0
2025-08-14,PLTR,0,1,1,0.0,0.0,0.0
2025-08-14,TSLA,0,1,1,-0.7783,-0.7783,-0.7783
2025-08-15,AMZN,0,2,2,0.004049999999999998,0.004049999999999998,-0.0539
2025-08-15,COST,0,1,1,0.6124,0.6124,0.6124
2025-08-15,GOOG,1,3,4,0.38745,0.38915,0.4428
2025-08-16,NVDA,0,1,1,0.0,0.0,0.0
2025-08-17,AMC,0,1,1,0.0,0.0,0.0
2025-08-17,AMD,0,1,1,0.0,0.0,0.0
2025-08-17,GME,0,1,1,0.0,0.0,0.0
2025-08-17,NVDA,0,1,1,0.0,0.0,0.0
2025-08-17,ORCL,0,1,1,0.0,0.0,0.0
2025-08-17,PLTR,0,1,1,0.0,0.0,0.0
2025-08-17,SOFI,0,1,1,0.0,0.0,0.0
2025-08-17,TSLA,0,1,1,0.0,0.0,0.0
2025-08-17,UBER,0,1,1,-0.5319,-0.5319,-0.5319
2025-08-18,AAPL,0,1,1,0.7804,0.7804,0.7804
2025-08-18,AMD,0,1,1,0.9256,0.9256,0.9255999999999999
2025-08-18,GOOG,1,0,1,0.9413,0.9413,0.9413
2025-08-18,HD,0,1,1,-0.6562,-0.6562,-0.6562
2025-08-18,LOW,0,1,1,-0.6562,-0.6562,-0.6562
2025-08-18,MSFT,0,2,2,0.06209999999999999,0.06209999999999999,0.7804
2025-08-18,NVDA,0,1,1,0.9256,0.9256,0.9255999999999999
2025-08-18,ORCL,0,1,1,0.9256,0.9256,0.9255999999999999
2025-08-18,WMT,0,1,1,-0.6562,-0.6562,-0.6562
2025-08-19,GOOG,1,0,1,0.9413,0.9413,0.9413
2025-08-19,HD,0,1,1,-0.7352,-0.7352,-0.7352
2025-08-19,LOW,0,1,1,-0.7352,-0.7352,-0.7352
2025-08-19,MSFT,0,1,1,-0.7352,-0.7352,-0.7352
2025-08-19,NVDA,0,1,1,0.9458,0.9458,0.9458
2025-08-19,ORCL,1,0,1,0.0,0.0,0.0
2025-08-19,WMT,0,1,1,-0.7352,-0.7352,-0.7352
2025-08-20,GME,0,1,1,0.0,0.0,0.0
2025-08-20,GOOG,2,0,2,0.61865,0.61865,0.2966697457187338
2025-08-20,LOW,0,1,1,-0.459,-0.459,-0.459
2025-08-20,MSFT,0,1,1,-0.459,-0.459,-0.459
2025-08-20,NVDA,1,4,5,0.39632,0.3612,0.500294366197183
2025-08-20,PLTR,1,3,4,0.5694,0.53075,0.6108079365079364
2025-08-20,UNH,0,1,1,0.5719,0.5719,0.5719
2025-08-20,WMT,0,1,1,-0.459,-0.459,-0.459
2025-08-21,GOOG,1,0,1,0.9413,0.9413,0.9413
2025-08-21,MSFT,0,1,1,-0.8779,-0.8779,-0.8779
2025-08-21,WMT,0,1,1,-0.8779,-0.8779,-0.8779
2025-08-22,AMZN,0,1,1,0.2484,0.2484,0.2484
2025-08-22,GOOG,1,0,1,0.9413,0.9413,0.9413
2025-08-24,AAPL,0,1,1,0.0,0.0,0.0
2025-08-24,META,0,1,1,0.0,0.0,0.0
2025-08-24,MSFT,0,2,2,0.2673,0.2673,0.3564
2025-08-24,NVDA,0,1,1,0.5346,0.5346,0.5346
2025-08-25,GOOG,1,0,1,0.9413,0.9413,0.9413
2025-08-25,NVDA,0,1,1,-0.9349,-0.9349,-0.9349
2025-08-25,SNOW,0,1,1,-0.9349,-0.9349,-0.9349
2025-08-26,DIS,0,1,1,0.7096,0.7096,0.7096
2025-08-26,GOOG,1,0,1,0.9413,0.9413,0.9413
2025-08-26,META,0,1,1,0.7096,0.7096,0.7096
2025-08-26,MSFT,0,1,1,0.7096,0.7096,0.7096
2025-08-26,NFLX,0,1,1,0.7096,0.7096,0.7096
2025-08-26,NVDA,0,1,1,-0.7242,-0.7242,-0.7242
2025-08-26,SNOW,0,1,1,-0.7242,-0.7242,-0.7242
2025-08-27,GOOG,1,0,1,0.9413,0.9413,0.9413
2025-08-27,NVDA,0,1,1,-0.4342,-0.4342,-0.4342
2025-08-27,SNOW,0,1,1,-0.4342,-0.4342,-0.4342
2025-08-28,AMC,0,1,1,0.296,0.296,0.296
2025-08-28,GOOG,1,1,2,0.16444999999999999,0.16444999999999999,-0.5895514705882354
2025-08-28,MSFT,0,1,1,0.6124,0.6124,0.6124
2025-08-28,NVDA,0,5,5,0.42746000000000006,0.296,0.36767222222222223
2025-08-28,ORCL,0,1,1,0.0,0.0,0.0
2025-08-28,PLTR,0,1,1,0.0,0.0,0.0
2025-08-29,GOOG,1,0,1,0.9413,0.9413,0.9413
2025-08-29,MSFT,0,1,1,-0.34,-0.34,-0.34
2025-09-01,CRM,0,1,1,0.6597,0.6597,0.6597
2025-09-01,GOOG,1,1,2,0.47065,0.47065,0.6275333333333334
2025-09-01,NVDA,0,1,1,0.4404,0.4404,0.4404
2025-09-02,CRM,0,1,1,-0.9278,-0.9278,-0.9278
2025-09-02,GOOG,1,0,1,0.9413,0.9413,0.9413
2025-09-02,PEP,0,1,1,-0.9278,-0.9278,-0.9278
2025-09-03,CRM,0,1,1,-0.9657,-0.9657,-0.9657
2025-09-03,GOOG,2,1,3,0.6298333333333334,0.8481,0.8455318771099258
2025-09-03,NVDA,1,2,3,0.07376666666666666,0.1001,0.8205530942832427
2025-09-03,PEP,0,1,1,-0.9657,-0.9657,-0.9657
2025-09-04,AMZN,0,1,1,0.9952,0.9952,0.9952
2025-09-04,GOOG,1,1,2,0.96825,0.96825,0.98981
2025-09-04,MSFT,0,1,1,0.9952,0.9952,0.9952
2025-09-04,PEP,0,1,1,-0.9766,-0.9766,-0.9766
2025-09-05,GOOG,1,1,2,-0.027700000000000002,-0.027700000000000002,0.9413
2025-09-05,ORCL,1,0,1,0.0,0.0,0.0
2025-09-05,PEP,0,1,1,-0.9967,-0.9967,-0.9967
2025-09-06,AAPL,0,1,1,0.0,0.0,0.0
2025-09-06,INTC,0,1,1,0.0,0.0,0.0
2025-09-07,MSFT,0,1,1,0.4404,0.4404,0.4404
2025-09-08,AAPL,0,1,1,0.1132,0.1132,0.1132
2025-09-08,ADBE,0,1,1,0.8073,0.8073,0.8073
2025-09-08,GME,0,1,1,0.8073,0.8073,0.8073
2025-09-08,GOOG,1,2,3,0.27976666666666666,0.8073,-0.7145
2025-09-08,NVDA,1,2,3,0.5180666666666667,0.7469,0.49793333333333334
2025-09-08,ORCL,0,1,1,0.8073,0.8073,0.8073
2025-09-08,PLTR,0,1,1,0.9017,0.9017,0.9017
2025-09-08,TSLA,0,1,1,0.7469,0.7469,0.7469
2025-09-09,AAPL,1,11,12,0.44744999999999996,0.55615,0.031669253202406884
2025-09-09,ADBE,0,1,1,0.5213,0.5213,0.5213
2025-09-09,GME,0,1,1,0.5213,0.5213,0.5213
2025-09-09,GOOG,1,1,2,0.38170000000000004,0.38170000000000004,0.04594
2025-09-09,NVDA,0,1,1,0.5213,0.5213,0.5213
2025-09-09,ORCL,3,1,4,0.278325,0.296,0.3632444444444445
2025-09-10,AAPL,0,1,1,-0.9066,-0.9066,-0.9066
2025-09-10,GOOG,1,0,1,0.9413,0.9413,0.9413
2025-09-10,MSFT,0,1,1,0.8744,0.8744,0.8744
2025-09-11,ADBE,0,1,1,-0.2422,-0.2422,-0.2422
2025-09-11,GOOG,1,0,1,0.9413,0.9413,0.9413
2025-09-11,NVDA,0,1,1,-0.2422,-0.2422,-0.2422
2025-09-12,GOOG,1,0,1,0.9413,0.9413,0.9413
2025-09-12,MRNA,0,1,1,0.6597,0.6597,0.6597
2025-09-12,ORCL,1,3,4,0.46900000000000003,0.4405,0.8687687795010115
2025-09-12,PLTR,0,1,1,0.2105,0.2105,0.2105
2025-09-12,UNH,0,1,1,0.4939,0.4939,0.4939
2025-09-13,INTC,0,1,1,-0.5574,-0.5574,-0.5574
2025-09-13,NVDA,0,1,1,0.9777,0.9777,0.9777
2025-09-13,ORCL,0,2,2,-0.5151,-0.5151,-0.49536
2025-09-14,ORCL,0,1,1,0.0,0.0,0.0
2025-09-15,GOOG,1,0,1,0.9413,0.9413,0.9413
2025-09-16,AMZN,0,1,1,0.1779,0.1779,0.1779
2025-09-16,GOOG,1,2,3,0.5070333333333333,0.4019,0.38092352941176477
2025-09-16,KO,0,1,1,0.1779,0.1779,0.1779
2025-09-16,MSFT,0,2,2,0.40445,0.40445,0.37208571428571435
2025-09-17,GOOG,1,1,2,0.5596,0.5596,0.5596
2025-09-17,PLTR,0,1,1,0.8176,0.8176,0.8176
2025-09-18,GOOG,1,0,1,0.9413,0.9413,0.9413
2025-09-19,AMD,0,1,1,0.91,0.91,0.91
2025-09-19,GOOG,1,0,1,0.9413,0.9413,0.9413
2025-09-19,INTC,1,7,8,0.134925,0.2263,0.22611972824666843
2025-09-19,META,0,1,1,0.9531,0.9531,0.9531
2025-09-19,MSFT,0,1,1,-0.0772,-0.0772,-0.0772
2025-09-19,NVDA,0,2,2,0.36985,0.36985,0.40084
2025-09-20,AAPL,0,1,1,0.0,0.0,0.0
2025-09-20,AMZN,0,1,1,0.1779,0.1779,0.1779
2025-09-20,DIS,1,11,12,0.026658333333333343,0.0176,-0.5699929918792761
2025-09-20,GOOG,0,2,2,0.15349999999999997,0.15349999999999997,0.38633829787234036
2025-09-20,MSFT,0,1,1,0.9953,0.9953,0.9953
2025-09-20,TSLA,0,1,1,-0.9595,-0.9595,-0.9595
2025-09-21,DIS,1,5,6,0.22761666666666666,0.29375,0.22332777777777776
2025-09-21,GOOG,0,1,1,-0.6672,-0.6672,-0.6672
2025-09-21,TSLA,0,1,1,-0.4767,-0.4767,-0.4767
2025-09-22,AMZN,0,1,1,0.0,0.0,0.0
2025-09-22,COST,0,1,1,-0.5053,-0.5053,-0.5053
2025-09-22,DIS,0,1,1,0.0,0.0,0.0
2025-09-22,GOOG,1,0,1,0.9413,0.9413,0.9413
2025-09-22,META,0,2,2,-0.25265,-0.25265,-0.05614444444444444
2025-09-22,MSFT,0,2,2,0.49825,0.49825,0.05861764705882353
2025-09-22,NVDA,0,1,1,0.0,0.0,0.0
2025-09-22,ORCL,0,1,1,0.0,0.0,0.0
2025-09-23,GOOG,1,3,4,0.43245,0.6072500000000001,0.19321345291479827
2025-09-23,NVDA,0,1,1,0.7612,0.7612,0.7612000000000001
2025-09-23,PLTR,0,1,1,0.4588,0.4588,0.4588
2025-09-23,TSLA,0,1,1,0.6115,0.6115,0.6115
2025-09-24,AMZN,0,1,1,-0.1531,-0.1531,-0.1531
2025-09-24,COST,0,1,1,-0.872,-0.872,-0.872
2025-09-24,GOOG,1,1,2,0.3941,0.3941,0.28466
2025-09-24,PLTR,0,1,1,-0.1531,-0.1531,-0.1531
2025-09-25,BA,0,1,1,0.5187,0.5187,0.5187
2025-09-25,INTC,0,1,1,0.6486,0.6486,0.6486
2025-09-25,PLTR,0,1,1,0.0,0.0,0.0
2025-09-25,TSLA,0,1,1,0.5106,0.5106,0.5106
2025-09-26,AAPL,0,1,1,0.9546,0.9546,0.9546
2025-09-26,MSFT,0,2,2,0.45135,0.45135,0.34578787878787876
2025-09-26,PFE,0,1,1,-0.4207,-0.4207,-0.4207
2025-09-28,INTC,0,1,1,0.0,0.0,0.0
2025-09-29,AMC,0,1,1,0.3612,0.3612,0.3612
2025-09-29,GME,0,1,1,0.3612,0.3612,0.3612
2025-09-29,GOOG,1,1,2,0.47065,0.47065,0.0
2025-09-29,NKE,0,1,1,-0.9212,-0.9212,-0.9212
2025-09-29,NVDA,0,1,1,0.0,0.0,0.0
2025-09-29,TSLA,0,1,1,0.7639,0.7639,0.7639
2025-09-29,WMT,1,0,1,0.7579,0.7579,0.7578999999999999
2025-09-30,GOOG,1,0,1,0.9413,0.9413,0.9413
2025-09-30,NKE,0,1,1,-0.9112,-0.9112,-0.9112
2025-10-01,GOOG,1,0,1,0.9413,0.9413,0.9413
2025-10-02,GOOG,1,0,1,0.9413,0.9413,0.9413
2025-10-02,PYPL,0,1,1,0.0,0.0,0.0
2025-10-02,SOFI,0,1,1,0.0,0.0,0.0
2025-10-03,GOOG,1,0,1,0.9413,0.9413,0.9413
2025-10-03,MS,1,0,1,0.8692,0.8692,0.8692
2025-10-06,GOOG,1,0,1,0.9413,0.9413,0.9413
2025-10-06,NVDA,1,0,1,0.8898,0.8898,0.8898
2025-10-06,PEP,0,1,1,-0.8798,-0.8798,-0.8798
2025-10-07,GOOG,1,1,2,0.47065,0.47065,0.0
2025-10-07,MSFT,0,1,1,0.0,0.0,0.0
2025-10-07,PEP,0,1,1,-0.8256,-0.8256,-0.8256
2025-10-08,GOOG,2,0,2,0.20730000000000004,0.20730000000000004,-0.5259429087158328
2025-10-08,PEP,0,1,1,-0.9379,-0.9379,-0.9379
2025-10-09,GOOG,1,0,1,0.9413,0.9413,0.9413
2025-10-09,MSFT,0,1,1,0.25,0.25,0.25
2025-10-09,NVDA,0,1,1,0.25,0.25,0.25
2025-10-09,PEP,0,1,1,-0.9576,-0.9576,-0.9576
2025-10-10,AMD,0,1,1,-0.2732,-0.2732,-0.2732
2025-10-10,GOOG,1,3,4,0.07567499999999999,-0.0406,-0.27068703703703706
2025-10-10,MSFT,0,2,2,-0.165,-0.165,-0.4821589473684211
2025-10-10,NVDA,0,3,3,-0.5757,-0.6712,-0.3229239135772158
2025-10-10,TSLA,0,2,2,0.0,0.0,0.0
2025-10-11,AAPL,0,1,1,-0.5034,-0.5034,-0.5034
2025-10-11,AMD,0,1,1,0.0,0.0,0.0
2025-10-11,GOOG,0,2,2,0.0448,0.0448,0.09186666666666665
2025-10-11,KO,0,1,1,-0.5034,-0.5034,-0.5034
2025-10-11,MSFT,0,1,1,0.296,0.296,0.296
2025-10-11,NVDA,0,2,2,0.2294,0.2294,0.03529230769230769
2025-10-11,PLTR,0,1,1,0.4588,0.4588,0.4588
2025-10-12,ADBE,0,1,1,0.6369,0.6369,0.6369
2025-10-12,MSFT,0,1,1,0.4215,0.4215,0.4215
2025-10-13,AAPL,0,1,1,0.0,0.0,0.0
2025-10-13,BAC,0,1,1,0.1531,0.1531,0.1531
2025-10-13,GOOG,1,0,1,0.9413,0.9413,0.9413
2025-10-13,GS,0,1,1,0.1531,0.1531,0.1531
2025-10-13,JPM,0,1,1,0.1531,0.1531,0.1531
2025-10-13,MS,0,1,1,0.1531,0.1531,0.1531
2025-10-13,NVDA,0,1,1,0.0,0.0,0.0
2025-10-14,BAC,0,1,1,-0.926,-0.926,-0.926
2025-10-14,GOOG,1,0,1,0.9413,0.9413,0.9413
2025-10-14,GS,0,1,1,-0.926,-0.926,-0.926
2025-10-14,HD,0,1,1,-0.4939,-0.4939,-0.4939
2025-10-14,JPM,0,1,1,-0.926,-0.926,-0.926
2025-10-14,MS,0,1,1,-0.926,-0.926,-0.926
2025-10-14,NVDA,1,0,1,0.6249,0.6249,0.6249
2025-10-14,TSLA,1,1,2,0.21994999999999998,0.21994999999999998,0.9813379876796715
2025-10-14,WMT,0,1,1,-0.4939,-0.4939,-0.4939
2025-10-15,BA,0,1,1,0.8952,0.8952,0.8952
2025-10-15,BAC,0,1,1,-0.9652,-0.9652,-0.9652
2025-10-15,GOOG,1,1,2,0.91825,0.91825,0.8952
2025-10-15,MS,0,1,1,-0.9652,-0.9652,-0.9652
2025-10-15,MSFT,0,1,1,0.8952,0.8952,0.8952
2025-10-15,NKE,0,1,1,0.8952,0.8952,0.8952
2025-10-16,AAPL,0,1,1,0.5423,0.5423,0.5423
2025-10-16,AMD,0,1,1,0.0,0.0,0.0
2025-10-16,GOOG,1,3,4,0.8357,0.9041,0.6525235294117647
2025-10-16,NVDA,0,2,2,0.48155,0.48155,0.0
2025-10-16,PLTR,0,1,1,0.5423,0.5423,0.5423
2025-10-16,SOFI,0,2,2,0.27115,0.27115,0.5005846153846154
2025-10-16,UNH,0,1,1,0.9173,0.9173,0.9173
2025-10-17,AAPL,0,1,1,0.6249,0.6249,0.6249
2025-10-17,AMZN,0,2,2,0.58935,0.58935,0.5408714285714286
2025-10-17,GOOG,1,1,2,0.59565,0.59565,0.4804333333333333
2025-10-17,META,0,1,1,0.9287,0.9287,0.9287
2025-10-17,MSFT,0,3,3,0.29163333333333336,0.25,0.3194111111111111
2025-10-17,NVDA,0,5,5,0.36072,0.25,0.4043428571428572
2025-10-17,PLTR,0,1,1,0.0,0.0,0.0
2025-10-18,NVDA,0,1,1,0.0,0.0,0.0
2025-10-19,AMC,0,2,2,0.43400000000000005,0.43400000000000005,0.4490647058823529
2025-10-19,COST,0,1,1,0.631,0.631,0.631
2025-10-19,GME,0,1,1,0.7579,0.7579,0.7579
2025-10-19,GOOG,0,1,1,0.0,0.0,0.0
2025-10-19,NVDA,0,2,2,0.32985,0.32985,0.6597
2025-10-19,SOFI,0,1,1,0.0,0.0,0.0
2025-10-20,AMC,0,1,1,0.25,0.25,0.25
2025-10-20,AMZN,0,4,4,0.038275,0.0,0.03062
2025-10-20,GME,0,2,2,0.4312,0.4312,0.2516777777777778
2025-10-20,GOOG,1,1,2,0.47065,0.47065,0.0
2025-10-21,AMC,1,1,2,0.08254999999999998,0.08254999999999998,-0.15226878306878305
2025-10-21,AMD,0,1,1,-0.5141,-0.5141,-0.5141
2025-10-21,AMZN,0,2,2,-0.09454999999999997,-0.09454999999999997,0.5833136363636364
2025-10-21,GME,1,7,8,0.41512499999999997,0.47805,-0.05867859922178988
2025-10-21,GOOG,1,0,1,0.9413,0.9413,0.9413
2025-10-21,INTC,0,1,1,0.3538,0.3538,0.3538
2025-10-21,KO,0,1,1,0.3538,0.3538,0.3538
2025-10-21,NFLX,0,3,3,0.38999999999999996,0.3538,0.7067846153846153
2025-10-21,TSLA,0,1,1,0.3538,0.3538,0.3538
2025-10-21,WMT,0,3,3,0.16076666666666667,0.128,0.14620370370370372
2025-10-22,AMC,0,4,4,-0.04369999999999999,-0.09505,0.2661466666666667
2025-10-22,AMZN,0,1,1,0.0,0.0,0.0
2025-10-22,COST,0,1,1,0.2732,0.2732,0.27320000000000005
2025-10-22,CRM,0,1,1,0.3612,0.3612,0.3612
2025-10-22,GME,1,15,16,-0.011418750000000005,-0.0394,-0.6503792801556422
2025-10-22,GOOG,1,1,2,0.6716,0.6716,0.4019
2025-10-22,INTC,0,1,1,0.1192,0.1192,0.11920000000000001
2025-10-22,KO,0,1,1,0.1192,0.1192,0.11920000000000001
2025-10-22,META,0,1,1,0.918,0.918,0.918
2025-10-22,NVDA,2,4,6,0.30846666666666667,0.48675,0.8186476420519899
2025-10-22,ORCL,0,1,1,0.2732,0.2732,0.27320000000000005
2025-10-22,PLTR,0,1,1,0.2732,0.2732,0.27320000000000005
2025-10-22,TSLA,2,15,17,0.07968823529411766,0.0258,0.8814301991150444
2025-10-22,WMT,1,4,5,0.35044000000000003,0.5187,-0.7434660398230091
2025-10-23,AMC,1,1,2,0.39225,0.39225,0.7835951557093425
2025-10-23,GME,1,10,11,0.3614909090909091,0.5859,0.7754297752808986
2025-10-23,GOOG,1,1,2,0.6708000000000001,0.6708000000000001,0.4775857142857142
2025-10-23,INTC,0,2,2,0.48805,0.48805,0.6956
2025-10-23,KO,0,1,1,0.2805,0.2805,0.2805
2025-10-23,META,0,1,1,0.4003,0.4003,0.40029999999999993
2025-10-23,MSFT,0,1,1,0.6808,0.6808,0.6808
2025-10-23,NVDA,0,1,1,0.0,0.0,0.0
2025-10-23,TSLA,0,3,3,0.2993,0.0,0.8965057453416149
2025-10-24,AMC,0,3,3,-0.08013333333333332,0.0,-0.14019999999999996
2025-10-24,AMD,0,1,1,0.0,0.0,0.0
2025-10-24,AMZN,0,3,3,-0.03636666666666666,0.0,-0.15882857142857137
2025-10-24,GME,0,11,11,0.036181818181818176,0.0,-0.06919000000000002
2025-10-24,GOOG,1,1,2,0.47065,0.47065,0.0
2025-10-24,KO,0,1,1,0.8986,0.8986,0.8986
2025-10-24,MSFT,0,1,1,0.9866,0.9866,0.9866
2025-10-24,SNOW,0,1,1,0.0,0.0,0.0
2025-10-24,TSLA,1,7,8,0.24078750000000002,0.29569999999999996,0.5419638937575839
2025-10-24,WMT,0,2,2,-0.45594999999999997,-0.45594999999999997,-0.5540615384615385
2025-10-25,GME,0,4,4,0.3857,0.56465,0.4811142857142857
2025-10-25,GOOG,0,2,2,-0.04144999999999999,-0.04144999999999999,-0.04144999999999999
2025-10-25,PLTR,0,2,2,0.804,0.804,0.72072
2025-10-25,TSLA,0,2,2,-0.401,-0.401,-0.22914285714285715
2025-10-25,UBER,0,1,1,0.8265,0.8265,0.8265
2025-10-26,AAPL,0,2,2,0.0,0.0,0.0
2025-10-26,AMC,0,2,2,0.06985,0.06985,0.046566666666666666
2025-10-26,GME,0,2,2,0.0,0.0,0.0
2025-10-27,AAPL,0,1,1,-0.7214,-0.7214,-0.7214
2025-10-27,AMZN,2,11,13,0.24723076923076923,0.1779,0.3506861398601399
2025-10-27,BA,0,1,1,-0.7214,-0.7214,-0.7214
2025-10-27,GME,0,2,2,0.6187,0.6187,0.6187
2025-10-27,GOOG,2,1,3,0.40596666666666664,0.9413,0.998
2025-10-27,KO,0,1,1,-0.7214,-0.7214,-0.7214
2025-10-27,META,0,1,1,-0.7214,-0.7214,-0.7214
2025-10-27,MSFT,1,2,3,-0.021133333333333375,-0.34,0.7867368421052632
2025-10-27,NVDA,1,0,1,0.998,0.998,0.998
2025-10-27,PYPL,0,1,1,-0.7214,-0.7214,-0.7214
2025-10-27,SOFI,0,1,1,-0.7214,-0.7214,-0.7214
2025-10-27,UNH,0,1,1,-0.7214,-0.7214,-0.7214
2025-10-28,AAPL,0,2,2,0.10535000000000003,0.10535000000000003,0.5994
2025-10-28,AMZN,0,2,2,0.28354999999999997,0.28354999999999997,0.9558
2025-10-28,BA,0,1,1,-0.3887,-0.3887,-0.3887
2025-10-28,COST,0,1,1,-0.3887,-0.3887,-0.3887
2025-10-28,CVX,0,1,1,-0.3887,-0.3887,-0.3887
2025-10-28,GOOG,1,1,2,0.2763,0.2763,-0.29369999999999996
2025-10-28,KO,0,1,1,-0.3887,-0.3887,-0.3887
2025-10-28,META,0,1,1,-0.3887,-0.3887,-0.3887
2025-10-28,MSFT,0,1,1,-0.3887,-0.3887,-0.3887
2025-10-28,NVDA,0,1,1,-0.4939,-0.4939,-0.4939
2025-10-28,PYPL,0,1,1,-0.3887,-0.3887,-0.3887
2025-10-28,SOFI,0,1,1,-0.3887,-0.3887,-0.3887
2025-10-28,TSLA,0,3,3,-0.3279666666666667,-0.4939,-0.43167500000000003
2025-10-28,UNH,0,1,1,-0.3887,-0.3887,-0.3887
2025-10-28,XOM,0,1,1,-0.3887,-0.3887,-0.3887
2025-10-29,AAPL,0,1,1,-0.836,-0.836,-0.836
2025-10-29,AMZN,0,1,1,-0.836,-0.836,-0.836
2025-10-29,BA,0,1,1,-0.836,-0.836,-0.836
2025-10-29,COST,0,1,1,-0.836,-0.836,-0.836
2025-10-29,CVX,0,1,1,-0.836,-0.836,-0.836
2025-10-29,GME,0,1,1,-0.5574,-0.5574,-0.5574
2025-10-29,GOOG,1,1,2,0.05265000000000003,0.05265000000000003,0.9413
2025-10-29,KO,0,1,1,-0.836,-0.836,-0.836
2025-10-29,META,0,1,1,-0.836,-0.836,-0.836
2025-10-29,MSFT,0,1,1,-0.836,-0.836,-0.836
2025-10-29,NFLX,0,1,1,0.9416,0.9416,0.9416
2025-10-29,NVDA,0,1,1,0.0,0.0,0.0
2025-10-29,XOM,0,1,1,-0.836,-0.836,-0.836
2025-10-30,AAPL,0,1,1,-0.8519,-0.8519,-0.8519
2025-10-30,AMC,0,1,1,0.0,0.0,0.0
2025-10-30,AMZN,0,1,1,-0.8519,-0.8519,-0.8519
2025-10-30,COST,0,1,1,-0.8519,-0.8519,-0.8519
2025-10-30,CVX,0,1,1,-0.8519,-0.8519,-0.8519
2025-10-30,DIS,0,1,1,0.5,0.5,0.5
2025-10-30,GME,0,1,1,0.0,0.0,0.0
2025-10-30,GOOG,1,0,1,0.9413,0.9413,0.9413
2025-10-30,MRNA,0,1,1,0.0,0.0,0.0
2025-10-30,NVDA,1,0,1,0.7778,0.7778,0.7778
2025-10-30,PLTR,1,3,4,-0.04655000000000001,-0.20025,-0.39929788838612373
2025-10-30,SOFI,0,1,1,-0.4943,-0.4943,-0.4943
2025-10-30,WMT,0,1,1,0.963,0.963,0.963
2025-10-30,XOM,0,1,1,-0.8519,-0.8519,-0.8519
2025-10-31,AAPL,0,2,2,0.06975,0.06975,0.09300000000000001
2025-10-31,AMZN,1,2,3,-0.08496666666666668,0.1395,-0.7427032051282052
2025-10-31,COST,0,1,1,0.9442,0.9442,0.9442
2025-10-31,CVX,0,1,1,0.9442,0.9442,0.9442
2025-10-31,GME,0,1,1,0.3612,0.3612,0.3612
2025-10-31,GOOG,1,4,5,0.42466,0.6486,-0.6013326315789473
2025-10-31,META,0,8,8,-0.14573749999999996,-0.3147,-0.4941801886792452
2025-10-31,MS,0,1,1,0.9918,0.9918,0.9918
2025-10-31,MSFT,0,1,1,0.8783,0.8783,0.8783
2025-10-31,NFLX,0,1,1,0.3672,0.3672,0.3672
2025-10-31,NVDA,0,1,1,0.9285,0.9285,0.9285
2025-10-31,PLTR,0,3,3,0.33253333333333335,0.5301,-0.1411
2025-10-31,TSLA,0,1,1,-0.7684,-0.7684,-0.7684000000000001
2025-10-31,XOM,0,1,1,0.9442,0.9442,0.9442
2025-11-01,INTC,0,1,1,0.6983,0.6983,0.6983
2025-11-01,NVDA,0,3,3,-0.09106666666666667,0.0,-0.22083666666666665
2025-11-01,PLTR,0,1,1,0.0,0.0,0.0
2025-11-01,SNOW,0,1,1,-0.4471,-0.4471,-0.4471
2025-11-02,AAPL,0,2,2,0.1779,0.1779,0.1779
2025-11-02,AMZN,0,3,3,0.17790000000000003,0.1779,0.17789999999999997
2025-11-02,GOOG,0,3,3,0.1186,0.1779,0.17787488706945231
2025-11-02,META,0,2,2,0.1779,0.1779,0.1779
2025-11-02,MSFT,0,2,2,0.1779,0.1779,0.17789999999999997
2025-11-02,NFLX,0,3,3,0.1186,0.1779,0.17667731958762886
2025-11-02,NVDA,0,5,5,0.17162,0.1779,0.17786924772259766
2025-11-02,ORCL,0,1,1,0.5994,0.5994,0.5994
2025-11-02,TSLA,0,1,1,0.9788,0.9788,0.9788
2025-11-03,AMC,0,1,1,0.963,0.963,0.963
2025-11-03,AMD,0,1,1,0.963,0.963,0.963
2025-11-03,GOOG,1,0,1,0.9413,0.9413,0.9413
2025-11-03,LYFT,0,1,1,0.963,0.963,0.963
2025-11-03,META,0,1,1,0.0,0.0,0.0
2025-11-03,NVDA,2,3,5,0.24543999999999996,0.0,0.6091466840230199
2025-11-03,PFE,0,1,1,0.963,0.963,0.963
2025-11-03,PLTR,1,6,7,0.11542857142857142,0.0,0.7382562656015974
2025-11-03,UBER,0,1,1,0.963,0.963,0.963
2025-11-04,AMC,0,1,1,0.9135,0.9135,0.9135
2025-11-04,AMD,0,1,1,0.9135,0.9135,0.9135
2025-11-04,BAC,0,1,1,0.6486,0.6486,0.6486
2025-11-04,GOOG,1,1,2,0.16245000000000004,0.16245000000000004,-0.6164
2025-11-04,LYFT,0,1,1,0.9135,0.9135,0.9135
2025-11-04,MSFT,0,2,2,-0.12759999999999996,-0.12759999999999996,0.03533333333333336
2025-11-04,NVDA,0,6,6,0.08481666666666667,0.1366,0.13386153846153845
2025-11-04,ORCL,0,1,1,-0.1169,-0.1169,-0.1169
2025-11-04,PFE,0,2,2,0.68555,0.68555,0.4576
2025-11-04,PLTR,1,17,18,0.04087222222222222,0.0,0.3479047864127638
2025-11-04,SNOW,0,1,1,0.0,0.0,0.0
2025-11-04,TSLA,0,2,2,-0.43784999999999996,-0.43784999999999996,-0.41916666666666663
2025-11-04,UBER,0,1,1,0.9135,0.9135,0.9135
2025-11-04,UNH,0,1,1,0.4404,0.4404,0.4404
2025-11-05,AMC,0,1,1,-0.9915,-0.9915,-0.9914999999999999
2025-11-05,AMD,0,1,1,-0.4951,-0.4951,-0.4951
2025-11-05,AMZN,1,4,5,0.6269,0.819,0.7153123456790123
2025-11-05,GOOG,2,7,9,0.5034222222222222,0.819,0.8396469838959151
2025-11-05,INTC,0,8,8,0.3554,0.6232500000000001,0.4042137280416397
2025-11-05,LYFT,0,1,1,-0.9915,-0.9915,-0.9914999999999999
2025-11-05,META,1,3,4,0.40495000000000003,0.6262000000000001,0.8401961976487877
2025-11-05,MRNA,0,1,1,-0.9915,-0.9915,-0.9914999999999999
2025-11-05,MS,0,2,2,-0.43575,-0.43575,-0.34775999999999996
2025-11-05,MSFT,1,15,16,0.224775,0.55175,0.7989289225443534
2025-11-05,NFLX,0,1,1,0.0,0.0,0.0
2025-11-05,NVDA,2,14,16,0.17041875,0.57595,0.83920976225725
2025-11-05,ORCL,0,3,3,0.24626666666666666,0.6096,0.606191379310345
2025-11-05,PLTR,0,1,1,0.4349,0.4349,0.4349
2025-11-05,TSLA,0,1,1,0.8658,0.8658,0.8658
2025-11-05,UBER,1,1,2,0.64515,0.64515,0.3809
2025-11-05,WMT,1,0,1,0.9094,0.9094,0.9094
2025-11-06,AAPL,0,2,2,0.15445,0.15445,0.3076886274509804
2025-11-06,AMC,0,1,1,-0.296,-0.296,-0.296
2025-11-06,AMZN,0,3,3,0.2621,0.1154,0.11753640776699029
2025-11-06,GOOG,1,1,2,0.50945,0.50945,0.07883385714285715
2025-11-06,INTC,0,1,1,0.7501,0.7501,0.7501
2025-11-06,MRNA,0,1,1,0.7944,0.7944,0.7944
2025-11-06,MSFT,0,4,4,0.23577499999999998,0.0965,0.09364991023339317
2025-11-06,NVDA,0,2,2,0.21125,0.21125,0.1163351219512195
2025-11-06,PLTR,0,3,3,0.3844,0.3071,0.87915
2025-11-06,TSLA,0,1,1,0.0776,0.0776,0.0776
2025-11-07,AAPL,0,2,2,0.4637,0.4637,0.0
2025-11-07,GME,0,1,1,0.0,0.0,0.0
2025-11-07,GOOG,1,0,1,0.9413,0.9413,0.9413
2025-11-07,NVDA,0,2,2,-0.33505,-0.33505,-0.26093333333333335
2025-11-07,PLTR,0,1,1,-0.1127,-0.1127,-0.1127
2025-11-08,AMZN,0,1,1,0.3612,0.3612,0.3612
2025-11-09,NVDA,0,1,1,0.7684,0.7684,0.7684
2025-11-10,AAPL,0,1,1,0.7626,0.7626,0.7626
2025-11-10,AMZN,0,1,1,0.1779,0.1779,0.1779
2025-11-10,DIS,0,1,1,0.7626,0.7626,0.7626
2025-11-10,GOOG,2,1,3,0.04873333333333333,0.1779,0.1779
2025-11-10,META,2,0,2,-0.37334999999999996,-0.37334999999999996,0.2263
2025-11-10,MSFT,1,0,1,-0.973,-0.973,-0.973
2025-11-11,DIS,0,1,1,-0.9147,-0.9147,-0.9147
2025-11-11,GOOG,1,1,2,0.47065,0.47065,0.47065
2025-11-11,NVDA,1,11,12,0.319675,0.26115,0.25503866243961354
2025-11-11,TSLA,0,1,1,0.0,0.0,0.0
2025-11-12,AAPL,0,1,1,0.9468,0.9468,0.9468
2025-11-12,DIS,0,1,1,-0.8877,-0.8877,-0.8877
2025-11-12,GOOG,1,0,1,0.9413,0.9413,0.9413
2025-11-12,NVDA,0,1,1,-0.1027,-0.1027,-0.1027
2025-11-13,COST,0,1,1,0.2924,0.2924,0.2924
2025-11-13,DIS,0,1,1,-0.8658,-0.8658,-0.8658
2025-11-13,GOOG,1,0,1,0.9413,0.9413,0.9413
2025-11-13,MSFT,0,1,1,0.0,0.0,0.0
2025-11-13,NVDA,0,1,1,-0.34,-0.34,-0.34
2025-11-13,PLTR,0,1,1,-0.5563,-0.5563,-0.5563
2025-11-14,GOOG,1,1,2,0.3941,0.3941,0.3941
2025-11-14,NFLX,0,1,1,0.9201,0.9201,0.9201
2025-11-16,NVDA,0,1,1,0.4019,0.4019,0.4019
